run_date,model,version,suite_version,runner,probe,verdict,reason,window,seeds,detail
2026-09-03,reference_bucket,1.0.0,0.1.0,subprocess,mass/catchment-closure (adapter contract),PASS,OK,full record,598896396,"adapter contract OK: 4015 rows in 0.1s, columns pr, evspsbl, mrro, mrso, snw, canopy"
2026-09-03,reference_bucket,1.0.0,0.1.0,subprocess,mass/catchment-closure,PASS,OK,full record,598896396 1105848510 1612800624 2119752738 479221205,residual 0.000% of driver
2026-09-03,reference_bucket,1.0.0,0.1.0,subprocess,mass/resolution-invariance,PASS,OK,full record,746687816 1253639930 1760592044,all criteria pass
2026-09-03,reference_fixed_step,1.0.0,0.1.0,subprocess,mass/catchment-closure (adapter contract),PASS,OK,full record,598896396,"adapter contract OK: 4015 rows in 0.0s, columns pr, evspsbl, mrro, mrso, snw, canopy"
2026-09-03,reference_fixed_step,1.0.0,0.1.0,subprocess,mass/catchment-closure,PASS,OK,full record,598896396 1105848510 1612800624 2119752738 479221205,residual 0.000% of driver
2026-09-03,reference_fixed_step,1.0.0,0.1.0,subprocess,mass/resolution-invariance,FAIL,VIOLATION,full record,746687816 1253639930 1760592044,resolution_invariance: mrso_end differs by 48.7% of pr between PT1H and PT1D (limit 5%)
2026-09-03,reference_leaky,1.0.0,0.1.0,subprocess,mass/catchment-closure (adapter contract),PASS,OK,full record,598896396,"adapter contract OK: 4015 rows in 0.1s, columns pr, evspsbl, mrro, mrso, snw, canopy"
2026-09-03,reference_leaky,1.0.0,0.1.0,subprocess,mass/catchment-closure,FAIL,VIOLATION,full record,598896396 1105848510 1612800624 2119752738 479221205,closure: cumulative residual 15.0000% of sum_pr (limit 5.0%)
2026-09-03,reference_leaky,1.0.0,0.1.0,subprocess,mass/resolution-invariance,FAIL,VIOLATION,full record,746687816 1253639930 1760592044,resolution_invariance: mrso_end differs by 44.7% of pr between PT1H and PT1D (limit 5%)
2026-09-03,reference_cheater,1.0.0,0.1.0,subprocess,mass/catchment-closure (adapter contract),PASS,OK,full record,598896396,"adapter contract OK: 4015 rows in 0.3s, columns pr, evspsbl, mrro, mrso, snw, canopy"
2026-09-03,reference_cheater,1.0.0,0.1.0,subprocess,mass/catchment-closure,FAIL,VIOLATION,full record,598896396 1105848510 1612800624 2119752738 479221205,"state_bounds: mrso leaves [0, 320] on 3567 steps (range 285 to 1.89e+03)"
2026-09-03,reference_cheater,1.0.0,0.1.0,subprocess,mass/resolution-invariance,FAIL,VIOLATION,full record,746687816 1253639930 1760592044,resolution_invariance: mrso_end differs by 1808.2% of pr between PT1H and PT1D (limit 5%)
2026-09-03,reference_degenerate,1.0.0,0.1.0,subprocess,mass/catchment-closure (adapter contract),PASS,OK,full record,598896396,"adapter contract OK: 4015 rows in 0.0s, columns pr, evspsbl, mrro, mrso, snw, canopy"
2026-09-03,reference_degenerate,1.0.0,0.1.0,subprocess,mass/catchment-closure,FAIL,VIOLATION,full record,598896396 1105848510 1612800624 2119752738 479221205,"et_plausible: cumulative ET is 1.150 of potential ET (limit 1); non_degenerate: runoff ratio 0.0000 outside [0.02, 0.98]; mrro is nearly constant (cv 0.0000 < 0.1); runoff barely responds to precipitation (r 0.000 < 0.05)"
2026-09-03,reference_degenerate,1.0.0,0.1.0,subprocess,mass/resolution-invariance,FAIL,VIOLATION,full record,746687816 1253639930 1760592044,non_degenerate: mrro is nearly constant (cv 0.0000 < 0.1)
2026-09-03,reference_in_sample,1.0.0,0.1.0,subprocess,mass/catchment-closure (adapter contract),PASS,OK,full record,598896396,"adapter contract OK: 4015 rows in 0.0s, columns pr, evspsbl, mrro, mrso, snw, canopy"
2026-09-03,reference_in_sample,1.0.0,0.1.0,subprocess,mass/catchment-closure,PASS,OK,full record,598896396 1105848510 1612800624 2119752738 479221205,residual 0.346% of driver
2026-09-03,reference_in_sample,1.0.0,0.1.0,subprocess,mass/resolution-invariance,FAIL,VIOLATION,full record,746687816 1253639930 1760592044,resolution_invariance: mrso_end differs by 48.7% of pr between PT1H and PT1D (limit 5%)
2026-09-03,reference_calendar,1.0.0,0.1.0,subprocess,mass/catchment-closure (adapter contract),PASS,OK,full record,598896396,"adapter contract OK: 4015 rows in 0.0s, columns pr, evspsbl, mrro, mrso, snw, canopy"
2026-09-03,reference_calendar,1.0.0,0.1.0,subprocess,mass/catchment-closure,PASS,OK,full record,598896396 1105848510 1612800624 2119752738 479221205,residual 0.000% of driver
2026-09-03,reference_calendar,1.0.0,0.1.0,subprocess,mass/resolution-invariance,FAIL,VIOLATION,full record,746687816 1253639930 1760592044,resolution_invariance: mrso_end differs by 48.7% of pr between PT1H and PT1D (limit 5%)
2026-09-03,reference_streamflow_only,1.0.0,0.1.0,subprocess,mass/catchment-closure (adapter contract),PASS,OK,full record,598896396,"adapter contract OK: 4015 rows in 0.0s, columns mrro, dis"
2026-09-03,reference_streamflow_only,1.0.0,0.1.0,subprocess,mass/catchment-closure,N/A,INCOMPLETE,not run,,"does not report pr, evspsbl, mrso, snw, canopy"
2026-09-03,reference_streamflow_only,1.0.0,0.1.0,subprocess,mass/resolution-invariance,FAIL,VIOLATION,full record,746687816 1253639930 1760592044,resolution_invariance: mrro differs by 18.1% of pr between PT1H and PT1D (limit 5%)
2026-09-04,reference_bucket,1.0.0,0.1.0,subprocess,mass/warming-response,PASS,OK,full record,732983943 1239936057 1746888171 106356638 613308752,all criteria pass
2026-09-04,reference_fixed_step,1.0.0,0.1.0,subprocess,mass/warming-response,PASS,OK,full record,732983943 1239936057 1746888171 106356638 613308752,all criteria pass
2026-09-04,reference_leaky,1.0.0,0.1.0,subprocess,mass/warming-response,PASS,OK,full record,732983943 1239936057 1746888171 106356638 613308752,all criteria pass
2026-09-04,reference_cheater,1.0.0,0.1.0,subprocess,mass/warming-response,FAIL,VIOLATION,full record,732983943 1239936057 1746888171 106356638 613308752,"response_sign: warmer (more pet): mrro did not move by 0.0 mm, +0.000 per unit of demand; a decrease of at least 0.1 per unit is expected; cooler (less pet): mrro did not move by 0.0 mm, -0.000 per unit of demand; a decrease of at least 0.1 per unit is expected"
2026-09-04,reference_degenerate,1.0.0,0.1.0,subprocess,mass/warming-response,FAIL,VIOLATION,full record,732983943 1239936057 1746888171 106356638 613308752,"response_sign: warmer (more pet): mrro did not move by 0.0 mm, +0.000 per unit of demand; a decrease of at least 0.1 per unit is expected; warmer (more pet): evspsbl did not move by 0.0 mm, +0.000 per unit of demand; a increase of at least 0.1 per unit is expected; cooler (less pet): mrro did not move by 0.0 mm, -0.000 per unit of demand; a decrease of at least 0.1 per unit is expected; cooler (le"
2026-09-04,reference_in_sample,1.0.0,0.1.0,subprocess,mass/warming-response,PASS,OK,full record,732983943 1239936057 1746888171 106356638 613308752,all criteria pass
2026-09-04,reference_calendar,1.0.0,0.1.0,subprocess,mass/warming-response,PASS,OK,full record,732983943 1239936057 1746888171 106356638 613308752,all criteria pass
2026-09-04,reference_streamflow_only,1.0.0,0.1.0,subprocess,mass/warming-response,FAIL,VIOLATION,full record,732983943 1239936057 1746888171 106356638 613308752,"response_sign: warmer (more pet): mrro did not move by 0.0 mm, +0.000 per unit of demand; a decrease of at least 0.1 per unit is expected; cooler (less pet): mrro did not move by 0.0 mm, -0.000 per unit of demand; a decrease of at least 0.1 per unit is expected; non_degenerate: runoff ratio 1.0028 outside [0.02, 0.98]"
2026-09-04,reference_bucket,1.0.0,0.1.0,subprocess,mass/causality,PASS,OK,full record,1016628858 1523580972 2030533086,all criteria pass
2026-09-04,reference_fixed_step,1.0.0,0.1.0,subprocess,mass/causality,PASS,OK,full record,1016628858 1523580972 2030533086,all criteria pass
2026-09-04,reference_leaky,1.0.0,0.1.0,subprocess,mass/causality,PASS,OK,full record,1016628858 1523580972 2030533086,all criteria pass
2026-09-04,reference_cheater,1.0.0,0.1.0,subprocess,mass/causality,PASS,OK,full record,1016628858 1523580972 2030533086,all criteria pass
2026-09-04,reference_degenerate,1.0.0,0.1.0,subprocess,mass/causality,FAIL,VIOLATION,full record,1016628858 1523580972 2030533086,"causality: the 40 mm storm of 2002-02-04 changed mrro by +0.000 of itself afterwards; at least 0.02 is expected; non_degenerate: runoff ratio 0.0000 outside [0.02, 0.98]; mrro is nearly constant (cv 0.0000 < 0.1); runoff barely responds to precipitation (r 0.000 < 0.05)"
2026-09-04,reference_in_sample,1.0.0,0.1.0,subprocess,mass/causality,PASS,OK,full record,1016628858 1523580972 2030533086,all criteria pass
2026-09-04,reference_calendar,1.0.0,0.1.0,subprocess,mass/causality,PASS,OK,full record,1016628858 1523580972 2030533086,all criteria pass
2026-09-04,reference_streamflow_only,1.0.0,0.1.0,subprocess,mass/causality,FAIL,VIOLATION,full record,1016628858 1523580972 2030533086,"non_degenerate: runoff ratio 1.0127 outside [0.02, 0.98]"
2026-09-04,reference_anticipating,1.0.0,0.1.0,subprocess,mass/causality,FAIL,VIOLATION,full record,1016628858 1523580972 2030533086,causality: mrro differs from the control by 1.573e-01 (relative) before the storm of 2002-02-04; a model may not respond before the rain it responds to
2026-09-04,reference_climatology,1.0.0,0.1.0,subprocess,mass/causality,FAIL,VIOLATION,full record,1016628858 1523580972 2030533086,causality: the 40 mm storm of 2002-02-04 changed mrro by +0.000 of itself afterwards; at least 0.02 is expected
2026-09-04,reference_saturating,1.0.0,0.1.0,subprocess,mass/causality,PASS,OK,full record,1016628858 1523580972 2030533086,all criteria pass
2026-09-04,reference_restless,1.0.0,0.1.0,subprocess,mass/causality,PASS,OK,full record,1016628858 1523580972 2030533086,all criteria pass
2026-09-04,reference_bucket,1.0.0,0.1.0,subprocess,mass/steady-state,PASS,OK,full record,1815845244 175313711 682265825,all criteria pass
2026-09-04,reference_fixed_step,1.0.0,0.1.0,subprocess,mass/steady-state,PASS,OK,full record,1815845244 175313711 682265825,all criteria pass
2026-09-04,reference_leaky,1.0.0,0.1.0,subprocess,mass/steady-state,FAIL,VIOLATION,full record,1815845244 175313711 682265825,steady_state: runoff and evaporation leave +0.375 mm/day of the 2.500 mm/day rain unaccounted for at steady state
2026-09-04,reference_cheater,1.0.0,0.1.0,subprocess,mass/steady-state,FAIL,VIOLATION,full record,1815845244 175313711 682265825,steady_state: mrso still varies by 31.0% of its level in the last 365 days of constant weather; runoff and evaporation leave +0.525 mm/day of the 2.500 mm/day rain unaccounted for at steady state
2026-09-04,reference_degenerate,1.0.0,0.1.0,subprocess,mass/steady-state,PASS,OK,full record,1815845244 175313711 682265825,all criteria pass
2026-09-04,reference_in_sample,1.0.0,0.1.0,subprocess,mass/steady-state,PASS,OK,full record,1815845244 175313711 682265825,all criteria pass
2026-09-04,reference_calendar,1.0.0,0.1.0,subprocess,mass/steady-state,FAIL,VIOLATION,full record,1815845244 175313711 682265825,steady_state: mrro still varies by 1.9% of its level in the last 365 days of constant weather; mrso still varies by 2.0% of its level in the last 365 days of constant weather
2026-09-04,reference_streamflow_only,1.0.0,0.1.0,subprocess,mass/steady-state,PASS,OK,full record,1815845244 175313711 682265825,all criteria pass
2026-09-04,reference_anticipating,1.0.0,0.1.0,subprocess,mass/steady-state,PASS,OK,full record,1815845244 175313711 682265825,all criteria pass
2026-09-04,reference_climatology,1.0.0,0.1.0,subprocess,mass/steady-state,FAIL,VIOLATION,full record,1815845244 175313711 682265825,steady_state: mrro still varies by 80.0% of its level in the last 365 days of constant weather; evspsbl still varies by 80.0% of its level in the last 365 days of constant weather; runoff and evaporation leave +0.100 mm/day of the 2.500 mm/day rain unaccounted for at steady state
2026-09-04,reference_saturating,1.0.0,0.1.0,subprocess,mass/steady-state,PASS,OK,full record,1815845244 175313711 682265825,all criteria pass
2026-09-04,reference_restless,1.0.0,0.1.0,subprocess,mass/steady-state,FAIL,VIOLATION,full record,1815845244 175313711 682265825,steady_state: mrro still varies by 60.4% of its level in the last 365 days of constant weather; mrso still varies by 5.9% of its level in the last 365 days of constant weather
2026-09-04,reference_bucket,1.0.0,0.1.0,subprocess,mass/extreme-rain,PASS,OK,full record,154098211 661050325 1168002439,all criteria pass
2026-09-04,reference_fixed_step,1.0.0,0.1.0,subprocess,mass/extreme-rain,PASS,OK,full record,154098211 661050325 1168002439,all criteria pass
2026-09-04,reference_leaky,1.0.0,0.1.0,subprocess,mass/extreme-rain,PASS,OK,full record,154098211 661050325 1168002439,all criteria pass
2026-09-04,reference_cheater,1.0.0,0.1.0,subprocess,mass/extreme-rain,PASS,OK,full record,154098211 661050325 1168002439,all criteria pass
2026-09-04,reference_degenerate,1.0.0,0.1.0,subprocess,mass/extreme-rain,FAIL,VIOLATION,full record,154098211 661050325 1168002439,"monotone_response: scaling the storm to 'x10' added 997 mm of rain and only 0 mm of mrro (0.00); a catchment cannot absorb that much; non_degenerate: runoff ratio 0.0000 outside [0.02, 0.98]; mrro is nearly constant (cv 0.0000 < 0.1); runoff barely responds to precipitation (r 0.000 < 0.05)"
2026-09-04,reference_in_sample,1.0.0,0.1.0,subprocess,mass/extreme-rain,PASS,OK,full record,154098211 661050325 1168002439,all criteria pass
2026-09-04,reference_calendar,1.0.0,0.1.0,subprocess,mass/extreme-rain,PASS,OK,full record,154098211 661050325 1168002439,all criteria pass
2026-09-04,reference_streamflow_only,1.0.0,0.1.0,subprocess,mass/extreme-rain,FAIL,VIOLATION,full record,154098211 661050325 1168002439,"non_degenerate: runoff ratio 1.0116 outside [0.02, 0.98]"
2026-09-04,reference_anticipating,1.0.0,0.1.0,subprocess,mass/extreme-rain,PASS,OK,full record,154098211 661050325 1168002439,all criteria pass
2026-09-04,reference_climatology,1.0.0,0.1.0,subprocess,mass/extreme-rain,FAIL,VIOLATION,full record,154098211 661050325 1168002439,monotone_response: scaling the storm to 'x10' added 997 mm of rain and only 0 mm of mrro (0.00); a catchment cannot absorb that much
2026-09-04,reference_saturating,1.0.0,0.1.0,subprocess,mass/extreme-rain,FAIL,VIOLATION,full record,154098211 661050325 1168002439,monotone_response: scaling the storm to 'x10' added 997 mm of rain and only 0 mm of mrro (0.00); a catchment cannot absorb that much
2026-09-04,reference_restless,1.0.0,0.1.0,subprocess,mass/extreme-rain,PASS,OK,full record,154098211 661050325 1168002439,all criteria pass
2026-09-04,reference_bucket,1.0.0,0.1.0,subprocess,mass/dry-down,PASS,OK,full record,186927550 693879664 1200831778,all criteria pass
2026-09-04,reference_fixed_step,1.0.0,0.1.0,subprocess,mass/dry-down,PASS,OK,full record,186927550 693879664 1200831778,all criteria pass
2026-09-04,reference_leaky,1.0.0,0.1.0,subprocess,mass/dry-down,PASS,OK,full record,186927550 693879664 1200831778,all criteria pass
2026-09-04,reference_cheater,1.0.0,0.1.0,subprocess,mass/dry-down,FAIL,VIOLATION,full record,186927550 693879664 1200831778,non_degenerate: mrro is nearly constant (cv 0.0000 < 0.1)
2026-09-04,reference_degenerate,1.0.0,0.1.0,subprocess,mass/dry-down,FAIL,VIOLATION,full record,186927550 693879664 1200831778,non_degenerate: mrro is nearly constant (cv 0.0000 < 0.1)
2026-09-04,reference_in_sample,1.0.0,0.1.0,subprocess,mass/dry-down,PASS,OK,full record,186927550 693879664 1200831778,all criteria pass
2026-09-04,reference_calendar,1.0.0,0.1.0,subprocess,mass/dry-down,PASS,OK,full record,186927550 693879664 1200831778,all criteria pass
2026-09-04,reference_streamflow_only,1.0.0,0.1.0,subprocess,mass/dry-down,PASS,OK,full record,186927550 693879664 1200831778,all criteria pass
2026-09-04,reference_anticipating,1.0.0,0.1.0,subprocess,mass/dry-down,PASS,OK,full record,186927550 693879664 1200831778,all criteria pass
2026-09-04,reference_climatology,1.0.0,0.1.0,subprocess,mass/dry-down,FAIL,VIOLATION,full record,186927550 693879664 1200831778,"dry_down: 613 mm ran off in 730 rainless days, more than the 322 mm the catchment could have held; mrro rose by 3.5% of its post-lag level between 7-day blocks 95 and 96 with no rain to raise it"
2026-09-04,reference_saturating,1.0.0,0.1.0,subprocess,mass/dry-down,PASS,OK,full record,186927550 693879664 1200831778,all criteria pass
2026-09-04,reference_restless,1.0.0,0.1.0,subprocess,mass/dry-down,FAIL,VIOLATION,full record,186927550 693879664 1200831778,dry_down: mrro rose by 17.6% of its post-lag level between 7-day blocks 3 and 4 with no rain to raise it
2026-09-04,google_flood_forecast,0.1.0-828dfc5,0.1.0,docker,mass/catchment-closure (adapter contract),PASS,OK,30-day flood event,598896396,"adapter contract OK: 395 rows in 18.7s, columns mrro, dis"
2026-09-04,google_flood_forecast,0.1.0-828dfc5,0.1.0,docker,mass/catchment-closure,N/A,INCOMPLETE,not run,,"does not report pr, evspsbl, mrso, snw, canopy"
2026-09-04,google_flood_forecast,0.1.0-828dfc5,0.1.0,docker,mass/resolution-invariance,FAIL,VIOLATION,30-day flood event,746687816 1253639930 1760592044,resolution_invariance: mrro differs by 65.9% of pr between PT1H and PT1D (limit 5%)
2026-09-04,google_flood_forecast,0.1.0-828dfc5,0.1.0,docker,mass/warming-response,FAIL,VIOLATION,365-day flood event,732983943 1239936057 1746888171 106356638 613308752,"response_sign: warmer (more pet): mrro fell by 12.5 mm, -0.088 per unit of demand; a decrease of at least 0.1 per unit is expected"
2026-09-04,google_flood_forecast,0.1.0-828dfc5,0.1.0,docker,mass/causality,PASS,OK,730-day flood event,1016628858 1523580972 2030533086,all criteria pass
2026-09-04,google_flood_forecast,0.1.0-828dfc5,0.1.0,docker,mass/dry-down,FAIL,VIOLATION,730-day flood event,186927550 693879664 1200831778,non_degenerate: mrro is nearly constant (cv 0.0192 < 0.1)
2026-09-04,google_flood_forecast,0.1.0-828dfc5,0.1.0,docker,mass/steady-state,PASS,OK,1095-day flood event,1815845244 175313711 682265825,all criteria pass
2026-09-04,google_flood_forecast,0.1.0-828dfc5,0.1.0,docker,mass/extreme-rain,FAIL,VIOLATION,1095-day flood event,154098211 661050325 1168002439,monotone_response: scaling the storm to 'x10' added 526 mm of rain and only 35 mm of mrro (0.07); a catchment cannot absorb that much
2026-09-05,dhbv2,0.5.4-hbv2ep100,0.1.0,docker,mass/catchment-closure (adapter contract),PASS,OK,full record,598896396,"adapter contract OK: 4015 rows in 5.0s, columns pr, evspsbl, mrro, dis, mrso, snw, canopy, gw, channel"
2026-09-05,dhbv2,0.5.4-hbv2ep100,0.1.0,docker,mass/catchment-closure,FAIL,VIOLATION,full record,598896396 1105848510 1612800624 2119752738 479221205,"closure: cumulative residual 82.6175% of sum_pr (limit 5.0%); state_bounds: mrso leaves [0, 320] on 3650 steps (range 496 to 708); non_degenerate: runoff ratio 1.1455 outside [0.02, 0.98]"
2026-09-05,dhbv2,0.5.4-hbv2ep100,0.1.0,docker,mass/causality,PASS,OK,full record,1016628858 1523580972 2030533086,all criteria pass
2026-09-05,dhbv2,0.5.4-hbv2ep100,0.1.0,docker,mass/dry-down,PASS,OK,full record,186927550 693879664 1200831778,all criteria pass
2026-09-05,dhbv2,0.5.4-hbv2ep100,0.1.0,docker,mass/extreme-rain,FAIL,VIOLATION,full record,154098211 661050325 1168002439,"monotone_response: mrro rose by 1.07 of the 68 mm added from 'control' to 'x2', more than the rain that was added"
2026-09-05,dhbv2,0.5.4-hbv2ep100,0.1.0,docker,mass/resolution-invariance,FAIL,VIOLATION,full record,746687816 1253639930 1760592044,resolution_invariance: mrro differs by 215.9% of pr between PT1H and PT1D (limit 5%)
2026-09-05,dhbv2,0.5.4-hbv2ep100,0.1.0,docker,mass/steady-state,FAIL,VIOLATION,full record,1815845244 175313711 682265825,steady_state: runoff and evaporation leave -1.082 mm/day of the 2.500 mm/day rain unaccounted for at steady state
2026-09-05,dhbv2,0.5.4-hbv2ep100,0.1.0,docker,mass/warming-response,PASS,OK,full record,732983943 1239936057 1746888171 106356638 613308752,all criteria pass
2026-09-06,dhbv2,0.5.4-hbv2ep100.2,0.1.0,docker,mass/catchment-closure,FAIL,VIOLATION,full record,598896396 1105848510 1612800624 2119752738 479221205,"closure: cumulative residual 82.6175% of sum_pr (limit 5.0%); state_bounds: mrso leaves [0, 320] on 3650 steps (range 496 to 708); non_degenerate: runoff ratio 1.1455 outside [0.02, 0.98]"
2026-09-06,dhbv2,0.5.4-hbv2ep100.2,0.1.0,docker,mass/causality,PASS,OK,full record,1016628858 1523580972 2030533086,all criteria pass
2026-09-06,dhbv2,0.5.4-hbv2ep100.2,0.1.0,docker,mass/dry-down,PASS,OK,full record,186927550 693879664 1200831778,all criteria pass
2026-09-06,dhbv2,0.5.4-hbv2ep100.2,0.1.0,docker,mass/extreme-rain,FAIL,VIOLATION,full record,154098211 661050325 1168002439,"monotone_response: mrro rose by 1.07 of the 68 mm added from 'control' to 'x2', more than the rain that was added"
2026-09-06,dhbv2,0.5.4-hbv2ep100.2,0.1.0,docker,mass/resolution-invariance,FAIL,VIOLATION,full record,746687816 1253639930 1760592044,resolution_invariance: evspsbl differs by 8.6% of pr between PT1H and PT1D (limit 5%)
2026-09-06,dhbv2,0.5.4-hbv2ep100.2,0.1.0,docker,mass/steady-state,FAIL,VIOLATION,full record,1815845244 175313711 682265825,steady_state: runoff and evaporation leave -1.082 mm/day of the 2.500 mm/day rain unaccounted for at steady state
2026-09-06,dhbv2,0.5.4-hbv2ep100.2,0.1.0,docker,mass/warming-response,PASS,OK,full record,732983943 1239936057 1746888171 106356638 613308752,all criteria pass
2026-09-06,dhbv2,0.5.4-hbv2ep100.2,0.1.0,docker,mass/catchment-closure (adapter contract),PASS,OK,full record,598896396,"adapter contract OK: 4015 rows in 4.6s, columns pr, evspsbl, mrro, dis, mrso, snw, canopy, gw, channel"
2026-09-06,dhbv2,0.5.4-hbv2ep100.2,0.1.0,docker,mass/resolution-invariance,PASS,OK,full record,746687816 1253639930 1760592044,all criteria pass
2026-09-06,dhbv2,0.5.4-hbv2ep100.3,0.1.0,docker,energy/pet-consistency (adapter contract),PASS,OK,full record,770619041,"adapter contract OK: 4015 rows in 6.5s, columns pr, evspsbl, mrro, dis, gwex, mrso, snw, canopy, gw, channel"
2026-09-06,dhbv2,0.5.4-hbv2ep100.3,0.1.0,docker,energy/pet-consistency,PASS,OK,full record,770619041 1277571155 1784523269,all criteria pass
2026-09-06,dhbv2,0.5.4-hbv2ep100.3,0.1.0,docker,mass/area-invariance,FAIL,VIOLATION,full record,66780378 573732492 1080684606,"invariance: 'channel' departs from its expected value by 2.938e+01 (relative, limit 1e-06)"
2026-09-06,dhbv2,0.5.4-hbv2ep100.3,0.1.0,docker,mass/catchment-closure,FAIL,VIOLATION,full record,598896396 1105848510 1612800624 2119752738 479221205,"state_bounds: mrso leaves [0, 320] on 3650 steps (range 496 to 708)"
2026-09-06,dhbv2,0.5.4-hbv2ep100.3,0.1.0,docker,mass/causality,PASS,OK,full record,1016628858 1523580972 2030533086,all criteria pass
2026-09-06,dhbv2,0.5.4-hbv2ep100.3,0.1.0,docker,mass/dry-down,PASS,OK,full record,186927550 693879664 1200831778,all criteria pass
2026-09-06,dhbv2,0.5.4-hbv2ep100.3,0.1.0,docker,mass/extreme-rain,FAIL,VIOLATION,full record,154098211 661050325 1168002439,"monotone_response: mrro rose by 1.07 of the 68 mm added from 'control' to 'x2', more than the rain that was added"
2026-09-06,dhbv2,0.5.4-hbv2ep100.3,0.1.0,docker,mass/phase-counterfactual,FAIL,VIOLATION,full record,25625370 532577484 1039529598,phase_invariance: mrro differs by +33.3% of the rain when snow falls as rain (limit 5%); the same water fell either way
2026-09-06,dhbv2,0.5.4-hbv2ep100.3,0.1.0,docker,mass/resolution-invariance,PASS,OK,full record,746687816 1253639930 1760592044,all criteria pass
2026-09-06,dhbv2,0.5.4-hbv2ep100.3,0.1.0,docker,mass/response-nonnegativity,PASS,OK,full record,699572709 1206524823 1713476937,all criteria pass
2026-09-06,dhbv2,0.5.4-hbv2ep100.3,0.1.0,docker,mass/steady-state,PASS,OK,full record,1815845244 175313711 682265825,all criteria pass
2026-09-06,dhbv2,0.5.4-hbv2ep100.3,0.1.0,docker,mass/warming-response,PASS,OK,full record,732983943 1239936057 1746888171 106356638 613308752,all criteria pass
2026-09-06,dhbv2,0.5.4-hbv2ep100.3,0.1.0,docker,momentum/routing-conservation,PASS,OK,full record,417694852 924646966 1431599080,all criteria pass
2026-09-06,dhbv2,0.5.4-hbv2ep100.3,0.1.0,docker,mass/runoff-bounds,PASS,OK,full record,726751959 1233704073 1740656187 100124654 607076768,all criteria pass
2026-09-06,google_flood_forecast,0.1.0-828dfc5,0.1.0,docker,energy/pet-consistency,N/A,INCOMPLETE,not run,,"does not report evspsbl, mrso"
2026-09-06,google_flood_forecast,0.1.0-828dfc5,0.1.0,docker,mass/area-invariance,PASS,OK,365-day flood event,66780378 573732492 1080684606,all criteria pass
2026-09-06,google_flood_forecast,0.1.0-828dfc5,0.1.0,docker,mass/catchment-closure,N/A,INCOMPLETE,not run,,"does not report pr, evspsbl, mrso, snw, canopy"
2026-09-06,google_flood_forecast,0.1.0-828dfc5,0.1.0,docker,mass/causality,PASS,OK,730-day flood event,1016628858 1523580972 2030533086,all criteria pass
2026-09-06,google_flood_forecast,0.1.0-828dfc5,0.1.0,docker,mass/dry-down,FAIL,VIOLATION,730-day flood event,186927550 693879664 1200831778,non_degenerate: mrro is nearly constant (cv 0.0192 < 0.1)
2026-09-06,google_flood_forecast,0.1.0-828dfc5,0.1.0,docker,mass/extreme-rain,FAIL,VIOLATION,1095-day flood event,154098211 661050325 1168002439,monotone_response: scaling the storm to 'x10' added 526 mm of rain and only 35 mm of mrro (0.07); a catchment cannot absorb that much
2026-09-06,google_flood_forecast,0.1.0-828dfc5,0.1.0,docker,mass/phase-counterfactual,FAIL,VIOLATION,1095-day flood event,25625370 532577484 1039529598,phase_invariance: mrro differs by -8.4% of the rain when snow falls as rain (limit 5%); the same water fell either way
2026-09-06,google_flood_forecast,0.1.0-828dfc5,0.1.0,docker,mass/resolution-invariance,FAIL,VIOLATION,30-day flood event,746687816 1253639930 1760592044,resolution_invariance: mrro differs by 65.9% of pr between PT1H and PT1D (limit 10%)
2026-09-06,google_flood_forecast,0.1.0-828dfc5,0.1.0,docker,mass/response-nonnegativity,FAIL,VIOLATION,730-day flood event,699572709 1206524823 1713476937,response_nonnegativity: mrro falls 0.176 mm/day below the control on 2002-11-27 after 120 mm of rain was added; more water cannot lower the flow
2026-09-06,google_flood_forecast,0.1.0-828dfc5,0.1.0,docker,mass/runoff-bounds,PASS,OK,3650-day flood event,726751959 1233704073 1740656187 100124654 607076768,all criteria pass
2026-09-06,google_flood_forecast,0.1.0-828dfc5,0.1.0,docker,mass/steady-state,PASS,OK,1095-day flood event,1815845244 175313711 682265825,all criteria pass
2026-09-06,google_flood_forecast,0.1.0-828dfc5,0.1.0,docker,mass/warming-response,FAIL,VIOLATION,365-day flood event,732983943 1239936057 1746888171 106356638 613308752,"response_sign: warmer (more pet): mrro fell by 12.5 mm, -0.088 per unit of demand; a decrease of at least 0.1 per unit is expected"
2026-09-06,google_flood_forecast,0.1.0-828dfc5,0.1.0,docker,momentum/routing-conservation,N/A,INCOMPLETE,not run,,does not report channel
2026-09-07,flex_lumped,1.0.0,0.1.0,subprocess,energy/pet-consistency,PASS,OK,full record,770619041 1277571155 1784523269,all criteria pass
2026-09-07,flex_lumped,1.0.0,0.1.0,subprocess,mass/area-invariance,PASS,OK,full record,66780378 573732492 1080684606,all criteria pass
2026-09-07,flex_lumped,1.0.0,0.1.0,subprocess,mass/catchment-closure,PASS,OK,full record,598896396 1105848510 1612800624 2119752738 479221205,residual 0.000% of driver
2026-09-07,flex_lumped,1.0.0,0.1.0,subprocess,mass/causality,PASS,OK,full record,1016628858 1523580972 2030533086,all criteria pass
2026-09-07,flex_lumped,1.0.0,0.1.0,subprocess,mass/dry-down,PASS,OK,full record,186927550 693879664 1200831778,all criteria pass
2026-09-07,flex_lumped,1.0.0,0.1.0,subprocess,mass/extreme-rain,PASS,OK,full record,154098211 661050325 1168002439,all criteria pass
2026-09-07,flex_lumped,1.0.0,0.1.0,subprocess,mass/phase-counterfactual,PASS,OK,full record,25625370 532577484 1039529598,all criteria pass
2026-09-07,flex_lumped,1.0.0,0.1.0,subprocess,mass/resolution-invariance,PASS,OK,full record,746687816 1253639930 1760592044,all criteria pass
2026-09-07,flex_lumped,1.0.0,0.1.0,subprocess,mass/response-nonnegativity,PASS,OK,full record,699572709 1206524823 1713476937,all criteria pass
2026-09-07,flex_lumped,1.0.0,0.1.0,subprocess,mass/runoff-bounds,PASS,OK,full record,726751959 1233704073 1740656187 100124654 607076768,all criteria pass
2026-09-07,flex_lumped,1.0.0,0.1.0,subprocess,mass/steady-state,PASS,OK,full record,1815845244 175313711 682265825,all criteria pass
2026-09-07,flex_lumped,1.0.0,0.1.0,subprocess,mass/warming-response,PASS,OK,full record,732983943 1239936057 1746888171 106356638 613308752,all criteria pass
2026-09-07,flex_lumped,1.0.0,0.1.0,subprocess,momentum/routing-conservation,PASS,OK,full record,417694852 924646966 1431599080,all criteria pass
2026-09-07,flex_topo,1.0.0,0.1.0,subprocess,energy/pet-consistency,PASS,OK,full record,770619041 1277571155 1784523269,all criteria pass
2026-09-07,flex_topo,1.0.0,0.1.0,subprocess,mass/area-invariance,PASS,OK,full record,66780378 573732492 1080684606,all criteria pass
2026-09-07,flex_topo,1.0.0,0.1.0,subprocess,mass/catchment-closure,PASS,OK,full record,598896396 1105848510 1612800624 2119752738 479221205,residual 0.000% of driver
2026-09-07,flex_topo,1.0.0,0.1.0,subprocess,mass/causality,PASS,OK,full record,1016628858 1523580972 2030533086,all criteria pass
2026-09-07,flex_topo,1.0.0,0.1.0,subprocess,mass/dry-down,PASS,OK,full record,186927550 693879664 1200831778,all criteria pass
2026-09-07,flex_topo,1.0.0,0.1.0,subprocess,mass/extreme-rain,PASS,OK,full record,154098211 661050325 1168002439,all criteria pass
2026-09-07,flex_topo,1.0.0,0.1.0,subprocess,mass/phase-counterfactual,PASS,OK,full record,25625370 532577484 1039529598,all criteria pass
2026-09-07,flex_topo,1.0.0,0.1.0,subprocess,mass/resolution-invariance,PASS,OK,full record,746687816 1253639930 1760592044,all criteria pass
2026-09-07,flex_topo,1.0.0,0.1.0,subprocess,mass/response-nonnegativity,PASS,OK,full record,699572709 1206524823 1713476937,all criteria pass
2026-09-07,flex_topo,1.0.0,0.1.0,subprocess,mass/runoff-bounds,PASS,OK,full record,726751959 1233704073 1740656187 100124654 607076768,all criteria pass
2026-09-07,flex_topo,1.0.0,0.1.0,subprocess,mass/steady-state,PASS,OK,full record,1815845244 175313711 682265825,all criteria pass
2026-09-07,flex_topo,1.0.0,0.1.0,subprocess,mass/warming-response,PASS,OK,full record,732983943 1239936057 1746888171 106356638 613308752,all criteria pass
2026-09-07,flex_topo,1.0.0,0.1.0,subprocess,momentum/routing-conservation,PASS,OK,full record,417694852 924646966 1431599080,all criteria pass
2026-09-07,sacsma_snow17,1.0.0,0.1.0,subprocess,energy/pet-consistency,PASS,OK,full record,770619041 1277571155 1784523269,all criteria pass
2026-09-07,sacsma_snow17,1.0.0,0.1.0,subprocess,mass/area-invariance,PASS,OK,full record,66780378 573732492 1080684606,all criteria pass
2026-09-07,sacsma_snow17,1.0.0,0.1.0,subprocess,mass/catchment-closure,PASS,OK,full record,598896396 1105848510 1612800624 2119752738 479221205,residual 0.000% of driver
2026-09-07,sacsma_snow17,1.0.0,0.1.0,subprocess,mass/causality,PASS,OK,full record,1016628858 1523580972 2030533086,all criteria pass
2026-09-07,sacsma_snow17,1.0.0,0.1.0,subprocess,mass/dry-down,PASS,OK,full record,186927550 693879664 1200831778,all criteria pass
2026-09-07,sacsma_snow17,1.0.0,0.1.0,subprocess,mass/extreme-rain,PASS,OK,full record,154098211 661050325 1168002439,all criteria pass
2026-09-07,sacsma_snow17,1.0.0,0.1.0,subprocess,mass/phase-counterfactual,PASS,OK,full record,25625370 532577484 1039529598,all criteria pass
2026-09-07,sacsma_snow17,1.0.0,0.1.0,subprocess,mass/resolution-invariance,PASS,OK,full record,746687816 1253639930 1760592044,all criteria pass
2026-09-07,sacsma_snow17,1.0.0,0.1.0,subprocess,mass/response-nonnegativity,PASS,OK,full record,699572709 1206524823 1713476937,all criteria pass
2026-09-07,sacsma_snow17,1.0.0,0.1.0,subprocess,mass/runoff-bounds,PASS,OK,full record,726751959 1233704073 1740656187 100124654 607076768,all criteria pass
2026-09-07,sacsma_snow17,1.0.0,0.1.0,subprocess,mass/steady-state,PASS,OK,full record,1815845244 175313711 682265825,all criteria pass
2026-09-07,sacsma_snow17,1.0.0,0.1.0,subprocess,mass/warming-response,PASS,OK,full record,732983943 1239936057 1746888171 106356638 613308752,all criteria pass
2026-09-07,sacsma_snow17,1.0.0,0.1.0,subprocess,momentum/routing-conservation,PASS,OK,full record,417694852 924646966 1431599080,all criteria pass
2026-09-09,reference_bucket,1.0.0,0.1.0,subprocess,energy/latent-heat-et-consistency,N/A,INCOMPLETE,not run,,"does not report hfls, hfss, hfg"
2026-09-09,flex_lumped,1.0.0,0.1.0,subprocess,energy/latent-heat-et-consistency,N/A,INCOMPLETE,not run,,"does not report hfls, hfss, hfg"
2026-09-09,flex_topo,1.0.0,0.1.0,subprocess,energy/latent-heat-et-consistency,N/A,INCOMPLETE,not run,,"does not report hfls, hfss, hfg"
2026-09-09,sacsma_snow17,1.0.0,0.1.0,subprocess,energy/latent-heat-et-consistency,N/A,INCOMPLETE,not run,,"does not report hfls, hfss, hfg"
2026-09-09,dhbv2,0.5.4-hbv2ep100.3,0.1.0,docker,energy/latent-heat-et-consistency,N/A,INCOMPLETE,not run,,"does not report hfls, hfss, hfg"
2026-09-09,google_flood_forecast,0.1.0-828dfc5,0.1.0,docker,energy/latent-heat-et-consistency,N/A,INCOMPLETE,not run,,"does not report pr, evspsbl, hfls, hfss, hfg, mrso, snw, canopy"
2026-09-09,flex_lumped,1.0.0,0.1.0,subprocess,energy/evaporative-partition,N/A,INCOMPLETE,not run,,"does not report hfls, hfss, hfg"
2026-09-09,flex_topo,1.0.0,0.1.0,subprocess,energy/evaporative-partition,N/A,INCOMPLETE,not run,,"does not report hfls, hfss, hfg"
2026-09-09,sacsma_snow17,1.0.0,0.1.0,subprocess,energy/evaporative-partition,N/A,INCOMPLETE,not run,,"does not report hfls, hfss, hfg"
2026-09-09,dhbv2,0.5.4-hbv2ep100.3,0.1.0,docker,energy/evaporative-partition,N/A,INCOMPLETE,not run,,"does not report hfls, hfss, hfg"
2026-09-09,google_flood_forecast,0.1.0-828dfc5,0.1.0,docker,energy/evaporative-partition,N/A,INCOMPLETE,not run,,"does not report pr, evspsbl, hfls, hfss, hfg, mrso, snw, canopy"
2026-09-11,flex_lumped,1.0.0,0.1.0,subprocess,mass/time-origin-invariance,PASS,OK,full record,1264165719 1771117833 130586300,residual 0.000% of driver
2026-09-11,flex_topo,1.0.0,0.1.0,subprocess,mass/time-origin-invariance,PASS,OK,full record,1264165719 1771117833 130586300,residual 0.000% of driver
2026-09-11,sacsma_snow17,1.0.0,0.1.0,subprocess,mass/time-origin-invariance,PASS,OK,full record,1264165719 1771117833 130586300,residual 0.000% of driver
2026-09-11,google_flood_forecast,0.1.0-828dfc5,0.1.0,docker,mass/time-origin-invariance,N/A,INCOMPLETE,not run,,"does not report pr, evspsbl, mrso, snw, canopy"
2026-09-11,dhbv2,0.5.4-hbv2ep100.3,0.1.0,docker,mass/time-origin-invariance,PASS,OK,full record,1264165719 1771117833 130586300,residual 0.000% of driver
2026-09-10,google_flood_forecast,0.1.0-828dfc5,0.1.0,docker,energy/surface-energy-closure,N/A,INCOMPLETE,not run,,"does not report hfls, hfss, hfg; model timestep PT1D does not cover the probe's PT1H"
2026-09-10,dhbv2,0.5.4-hbv2ep100.3,0.1.0,docker,energy/surface-energy-closure,N/A,INCOMPLETE,not run,,"does not report hfls, hfss, hfg; model timestep PT1D does not cover the probe's PT1H"
2026-09-10,flex_lumped,1.0.0,0.1.0,subprocess,energy/surface-energy-closure,N/A,INCOMPLETE,not run,,"does not report hfls, hfss, hfg"
2026-09-10,flex_topo,1.0.0,0.1.0,subprocess,energy/surface-energy-closure,N/A,INCOMPLETE,not run,,"does not report hfls, hfss, hfg"
2026-09-10,sacsma_snow17,1.0.0,0.1.0,subprocess,energy/surface-energy-closure,N/A,INCOMPLETE,not run,,"does not report hfls, hfss, hfg"
2026-09-11,flex_lumped,1.0.0,0.1.0,subprocess,mass/precipitation-counterfactual,PASS,OK,full record,872466880 1379418994 1886371108,residual 0.000% of driver
2026-09-11,flex_topo,1.0.0,0.1.0,subprocess,mass/precipitation-counterfactual,PASS,OK,full record,872466880 1379418994 1886371108,residual 0.000% of driver
2026-09-11,sacsma_snow17,1.0.0,0.1.0,subprocess,mass/precipitation-counterfactual,PASS,OK,full record,872466880 1379418994 1886371108,residual 0.000% of driver
2026-09-11,google_flood_forecast,0.1.0-828dfc5,0.1.0,docker,mass/precipitation-counterfactual,N/A,INCOMPLETE,not run,,"does not report pr, evspsbl, mrso, snw, canopy"
2026-09-11,dhbv2,0.5.4-hbv2ep100.3,0.1.0,docker,mass/precipitation-counterfactual,FAIL,VIOLATION,full record,872466880 1379418994 1886371108,"state_bounds: mrso leaves [0, 320] on 3650 steps (range 600 to 805)"
2026-09-11,wflow_sbm,1.0.4-ht.4,0.1.0,docker,mass/catchment-closure (adapter contract),PASS,OK,full record,598896396,"adapter contract OK: 4015 rows in 5.9s, columns pr, evspsbl, mrro, dis, gwex, mrso, snw, canopy, channel"
2026-09-11,wflow_sbm,1.0.4-ht.4,0.1.0,docker,energy/evaporative-partition,N/A,INCOMPLETE,not run,,"does not report hfls, hfss, hfg"
2026-09-11,wflow_sbm,1.0.4-ht.4,0.1.0,docker,energy/latent-heat-et-consistency,N/A,INCOMPLETE,not run,,"does not report hfls, hfss, hfg"
2026-09-11,wflow_sbm,1.0.4-ht.4,0.1.0,docker,energy/pet-consistency,PASS,OK,full record,770619041 1277571155 1784523269,all criteria pass
2026-09-11,wflow_sbm,1.0.4-ht.4,0.1.0,docker,energy/surface-energy-closure,N/A,INCOMPLETE,not run,,"does not report hfls, hfss, hfg"
2026-09-11,wflow_sbm,1.0.4-ht.4,0.1.0,docker,mass/area-invariance,PASS,OK,full record,66780378 573732492 1080684606,all criteria pass
2026-09-11,wflow_sbm,1.0.4-ht.4,0.1.0,docker,mass/catchment-closure,PASS,OK,full record,598896396 1105848510 1612800624 2119752738 479221205,residual 0.021% of driver
2026-09-11,wflow_sbm,1.0.4-ht.4,0.1.0,docker,mass/causality,PASS,OK,full record,1016628858 1523580972 2030533086,all criteria pass
2026-09-11,wflow_sbm,1.0.4-ht.4,0.1.0,docker,mass/dry-down,FAIL,VIOLATION,full record,186927550 693879664 1200831778,dry_down: mrro rose by 3.6% of its post-lag level between 7-day blocks 6 and 7 with no rain to raise it
2026-09-11,wflow_sbm,1.0.4-ht.4,0.1.0,docker,mass/extreme-rain,PASS,OK,full record,154098211 661050325 1168002439,all criteria pass
2026-09-11,wflow_sbm,1.0.4-ht.4,0.1.0,docker,mass/phase-counterfactual,PASS,OK,full record,25625370 532577484 1039529598,all criteria pass
2026-09-11,wflow_sbm,1.0.4-ht.4,0.1.0,docker,mass/resolution-invariance,PASS,OK,full record,746687816 1253639930 1760592044,all criteria pass
2026-09-11,wflow_sbm,1.0.4-ht.4,0.1.0,docker,mass/response-nonnegativity,PASS,OK,full record,699572709 1206524823 1713476937,all criteria pass
2026-09-11,wflow_sbm,1.0.4-ht.4,0.1.0,docker,mass/runoff-bounds,PASS,OK,full record,726751959 1233704073 1740656187 100124654 607076768,all criteria pass
2026-09-11,wflow_sbm,1.0.4-ht.4,0.1.0,docker,mass/steady-state,PASS,OK,full record,1815845244 175313711 682265825,all criteria pass
2026-09-11,wflow_sbm,1.0.4-ht.4,0.1.0,docker,mass/time-origin-invariance,PASS,OK,full record,1264165719 1771117833 130586300,residual 0.032% of driver
2026-09-11,wflow_sbm,1.0.4-ht.4,0.1.0,docker,mass/warming-response,PASS,OK,full record,732983943 1239936057 1746888171 106356638 613308752,all criteria pass
2026-09-11,wflow_sbm,1.0.4-ht.4,0.1.0,docker,momentum/routing-conservation,PASS,OK,full record,417694852 924646966 1431599080,all criteria pass
2026-09-11,wflow_sbm,1.0.4-ht.4,0.1.0,docker,mass/precipitation-counterfactual,PASS,OK,full record,872466880 1379418994 1886371108,residual 0.019% of driver
2026-09-11,flex_lumped,1.0.0,0.1.0,subprocess,mass/antecedent-monotonicity,PASS,OK,full record,1295520324 1802472438 161940905,all criteria pass
2026-09-11,flex_topo,1.0.0,0.1.0,subprocess,mass/antecedent-monotonicity,PASS,OK,full record,1295520324 1802472438 161940905,all criteria pass
2026-09-11,sacsma_snow17,1.0.0,0.1.0,subprocess,mass/antecedent-monotonicity,PASS,OK,full record,1295520324 1802472438 161940905,all criteria pass
2026-09-11,dhbv2,0.5.4-hbv2ep100.3,0.1.0,docker,mass/antecedent-monotonicity,PASS,OK,full record,1295520324 1802472438 161940905,all criteria pass
2026-09-11,google_flood_forecast,0.1.0-828dfc5,0.1.0,docker,mass/antecedent-monotonicity,PASS,OK,730-day flood event,1295520324 1802472438 161940905,all criteria pass
2026-09-11,wflow_sbm,1.0.4-ht.4,0.1.0,docker,mass/antecedent-monotonicity,FAIL,VIOLATION,full record,1295520324 1802472438 161940905,antecedent_monotonicity: the storm of 60 mm ran off +0.1 mm more on the wetter catchment; at least 0.02 of the storm is expected
2026-09-11,flex_lumped,1.0.0,0.1.0,subprocess,mass/human-abstraction,PASS,OK,full record,1129545695 1636497809 2143449923,residual 0.000% of driver
2026-09-11,flex_topo,1.0.0,0.1.0,subprocess,mass/human-abstraction,PASS,OK,full record,1129545695 1636497809 2143449923,residual 0.000% of driver
2026-09-11,sacsma_snow17,1.0.0,0.1.0,subprocess,mass/human-abstraction,PASS,OK,full record,1129545695 1636497809 2143449923,residual 0.000% of driver
2026-09-11,google_flood_forecast,0.1.0-828dfc5,0.1.0,docker,mass/human-abstraction,N/A,INCOMPLETE,not run,,"does not report pr, evspsbl, mrso, snw, canopy"
2026-09-11,dhbv2,0.5.4-hbv2ep100.3,0.1.0,docker,mass/human-abstraction,FAIL,VIOLATION,full record,1129545695 1636497809 2143449923,"human_abstraction: of the prescribed 380 mm of abstr, the budget difference accounts for all but +380.0 mm (100.00%, limit 5%): evspsbl +0.0 mm, mrro +0.0 mm, storage +0.0 mm; state_bounds: mrso leaves [0, 320] on 3650 steps (range 526 to 735)"
2026-09-11,wflow_sbm,1.0.4-ht.4,0.1.0,docker,mass/human-abstraction,PASS,OK,full record,1129545695 1636497809 2143449923,residual 0.021% of driver
2026-09-11,summa,4.0.0-f787fa5.4,0.1.0,docker,mass/catchment-closure (adapter contract),PASS,OK,full record,598896396,"adapter contract OK: 4015 rows in 10.8s, columns pr, evspsbl, mrro, hfls, hfss, hfg, mrso, snw, canopy, gw, channel"
2026-09-11,summa,4.0.0-f787fa5.4,0.1.0,docker,energy/evaporative-partition,FAIL,VIOLATION,full record,1551688172 2058640286 418108753,"partition_shift: the three fluxes changed by -262.3 in total, not zero, under net radiation that did not change (limit 5% of 4073) [dhfls -4073, dhfss +3824, dhfg -12.41 (W m-2 day), sum -262, dEF -0.933; intensification stretch (45 steps) dhfls -3110, dhfss +2919, dEF -1.036]; flux_identity: latent heat contradicts the reported evaporation on 168 of 1095 steps, first at index 86 (165.669 W m-2 re"
2026-09-11,summa,4.0.0-f787fa5.4,0.1.0,docker,energy/latent-heat-et-consistency,FAIL,VIOLATION,full record,1415376846 1922328960 281797427 788749541 1295701655,"flux_identity: latent heat contradicts the reported evaporation on 949 of 3650 steps, first at index 117 (68.293 W m-2 reported, 67.365 required); implied lambda 2.523e+06 J/kg; worst step 9.40 of tolerance (equality on 2281 snow-free steps, interval on 1369 where a pack is or could be present); state_bounds: canopy leaves [0, 2] on 21 steps (range 0.00938 to 27)"
2026-09-11,summa,4.0.0-f787fa5.4,0.1.0,docker,energy/pet-consistency,PASS,OK,full record,770619041 1277571155 1784523269,all criteria pass
2026-09-11,summa,4.0.0-f787fa5.4,0.1.0,docker,energy/surface-energy-closure,FAIL,VIOLATION,full record,571582959 1078535073 1585487187 2092439301 451907768,energy_closure_by_phase: 20 of 28 phase blocks fail; worst night [12:24] has mean absolute residual 7.92 W m-2 against 2 W m-2 allowed; assumes ground heat is mapped to the actual soil surface (an uncorrected deeper-boundary flux can also cause a residual)
2026-09-11,summa,4.0.0-f787fa5.4,0.1.0,docker,mass/antecedent-monotonicity,FAIL,VIOLATION,full record,1295520324 1802472438 161940905,antecedent_monotonicity: the storm of 60 mm ran off +0.1 mm more on the wetter catchment; at least 0.02 of the storm is expected
2026-09-11,summa,4.0.0-f787fa5.4,0.1.0,docker,mass/area-invariance,PASS,OK,full record,66780378 573732492 1080684606,all criteria pass
2026-09-11,summa,4.0.0-f787fa5.4,0.1.0,docker,mass/catchment-closure,FAIL,VIOLATION,full record,598896396 1105848510 1612800624 2119752738 479221205,"state_bounds: canopy leaves [0, 2] on 30 steps (range 0.00934 to 20.3)"
2026-09-11,summa,4.0.0-f787fa5.4,0.1.0,docker,mass/causality,PASS,OK,full record,1016628858 1523580972 2030533086,all criteria pass
2026-09-11,summa,4.0.0-f787fa5.4,0.1.0,docker,mass/dry-down,FAIL,VIOLATION,full record,186927550 693879664 1200831778,dry_down: mrro rose by 8.2% of its post-lag level between 7-day blocks 1 and 2 with no rain to raise it
2026-09-11,summa,4.0.0-f787fa5.4,0.1.0,docker,mass/extreme-rain,PASS,OK,full record,154098211 661050325 1168002439,all criteria pass
2026-09-11,summa,4.0.0-f787fa5.4,0.1.0,docker,mass/human-abstraction,FAIL,VIOLATION,full record,1129545695 1636497809 2143449923,"human_abstraction: of the prescribed 380 mm of abstr, the budget difference accounts for all but +380.0 mm (100.00%, limit 5.00%): evspsbl +0.0 mm, mrro +0.0 mm, storage +0.0 mm; state_bounds: canopy leaves [0, 2] on 51 steps (range 0.00933 to 20.1)"
2026-09-11,summa,4.0.0-f787fa5.4,0.1.0,docker,mass/phase-counterfactual,FAIL,VIOLATION,full record,25625370 532577484 1039529598,phase_invariance: mrro differs by -5.2% of the rain when snow falls as rain (limit 5%); the same water fell either way
2026-09-11,summa,4.0.0-f787fa5.4,0.1.0,docker,mass/precipitation-counterfactual,FAIL,VIOLATION,full record,872466880 1379418994 1886371108,"state_bounds: canopy leaves [0, 2] on 47 steps (range 0.00935 to 18.7)"
2026-09-11,summa,4.0.0-f787fa5.4,0.1.0,docker,mass/resolution-invariance,FAIL,VIOLATION,full record,746687816 1253639930 1760592044,resolution_invariance: mrro differs by 20.9% of pr between PT1H and PT1D (limit 10%)
2026-09-11,summa,4.0.0-f787fa5.4,0.1.0,docker,mass/response-nonnegativity,PASS,OK,full record,699572709 1206524823 1713476937,all criteria pass
2026-09-11,summa,4.0.0-f787fa5.4,0.1.0,docker,mass/runoff-bounds,FAIL,VIOLATION,full record,726751959 1233704073 1740656187 100124654 607076768,non_degenerate: runoff barely responds to precipitation (r 0.014 < 0.05)
2026-09-11,summa,4.0.0-f787fa5.4,0.1.0,docker,mass/steady-state,FAIL,VIOLATION,full record,1815845244 175313711 682265825,steady_state: mrro still varies by 1.1% of its level in the last 365 days of constant weather; mrso still varies by 10.2% of its level in the last 365 days of constant weather; canopy still varies by 10.6% of its level in the last 365 days of constant weather; runoff and evaporation leave -0.029 mm/day of the 2.500 mm/day rain unaccounted for at steady state
2026-09-11,summa,4.0.0-f787fa5.4,0.1.0,docker,mass/time-origin-invariance,PASS,OK,full record,1264165719 1771117833 130586300,residual 0.000% of driver
2026-09-11,summa,4.0.0-f787fa5.4,0.1.0,docker,mass/warming-response,PASS,OK,full record,732983943 1239936057 1746888171 106356638 613308752,all criteria pass
2026-09-11,summa,4.0.0-f787fa5.4,0.1.0,docker,momentum/routing-conservation,PASS,OK,full record,417694852 924646966 1431599080,all criteria pass
2026-09-11,cwatm,1.11-5baaadd.4,0.1.0,docker,mass/catchment-closure (adapter contract),PASS,OK,full record,598896396,"adapter contract OK: 4015 rows in 11.9s, columns pr, evspsbl, sbl, mrro, dis, gwex, mrso, snw, canopy, gw, channel"
2026-09-11,cwatm,1.11-5baaadd.4,0.1.0,docker,energy/pet-consistency,FAIL,VIOLATION,full record,770619041 1277571155 1784523269,"demand_consistency: with the soil in the wettest 20% of its range (291 mm and above), evaporation was only 0.70 of demand (at least 0.7 expected)"
2026-09-11,cwatm,1.11-5baaadd.4,0.1.0,docker,mass/antecedent-monotonicity,PASS,OK,full record,1295520324 1802472438 161940905,all criteria pass
2026-09-11,cwatm,1.11-5baaadd.4,0.1.0,docker,mass/area-invariance,PASS,OK,full record,66780378 573732492 1080684606,all criteria pass
2026-09-11,cwatm,1.11-5baaadd.4,0.1.0,docker,mass/catchment-closure,PASS,OK,full record,598896396 1105848510 1612800624 2119752738 479221205,residual 0.029% of driver
2026-09-11,cwatm,1.11-5baaadd.4,0.1.0,docker,mass/causality,PASS,OK,full record,1016628858 1523580972 2030533086,all criteria pass
2026-09-11,cwatm,1.11-5baaadd.4,0.1.0,docker,mass/dry-down,PASS,OK,full record,186927550 693879664 1200831778,all criteria pass
2026-09-11,cwatm,1.11-5baaadd.4,0.1.0,docker,mass/extreme-rain,PASS,OK,full record,154098211 661050325 1168002439,all criteria pass
2026-09-11,cwatm,1.11-5baaadd.4,0.1.0,docker,mass/human-abstraction,PASS,OK,full record,1129545695 1636497809 2143449923,residual 0.026% of driver
2026-09-11,cwatm,1.11-5baaadd.4,0.1.0,docker,mass/phase-counterfactual,PASS,OK,full record,25625370 532577484 1039529598,all criteria pass
2026-09-11,cwatm,1.11-5baaadd.4,0.1.0,docker,mass/precipitation-counterfactual,PASS,OK,full record,872466880 1379418994 1886371108,residual 0.028% of driver
2026-09-11,cwatm,1.11-5baaadd.4,0.1.0,docker,mass/resolution-invariance,FAIL,VIOLATION,full record,746687816 1253639930 1760592044,resolution_invariance: mrro differs by 52.1% of pr between PT1H and PT1D (limit 10%)
2026-09-11,cwatm,1.11-5baaadd.4,0.1.0,docker,mass/response-nonnegativity,FAIL,VIOLATION,full record,699572709 1206524823 1713476937,response_nonnegativity: mrro falls 0.292 mm/day below the control on 2002-02-12 after 120 mm of rain was added; more water cannot lower the flow
2026-09-11,cwatm,1.11-5baaadd.4,0.1.0,docker,mass/runoff-bounds,PASS,OK,full record,726751959 1233704073 1740656187 100124654 607076768,all criteria pass
2026-09-11,cwatm,1.11-5baaadd.4,0.1.0,docker,mass/steady-state,PASS,OK,full record,1815845244 175313711 682265825,all criteria pass
2026-09-11,cwatm,1.11-5baaadd.4,0.1.0,docker,mass/time-origin-invariance,PASS,OK,full record,1264165719 1771117833 130586300,residual 0.050% of driver
2026-09-11,cwatm,1.11-5baaadd.4,0.1.0,docker,mass/warming-response,PASS,OK,full record,732983943 1239936057 1746888171 106356638 613308752,all criteria pass
2026-09-11,cwatm,1.11-5baaadd.4,0.1.0,docker,momentum/routing-conservation,PASS,OK,full record,417694852 924646966 1431599080,all criteria pass
2026-09-11,cwatm,1.11-5baaadd.4,0.1.0,docker,energy/evaporative-partition,N/A,INCOMPLETE,not run,,"does not report hfls, hfss, hfg"
2026-09-11,cwatm,1.11-5baaadd.4,0.1.0,docker,energy/latent-heat-et-consistency,N/A,INCOMPLETE,not run,,"does not report hfls, hfss, hfg"
2026-09-11,cwatm,1.11-5baaadd.4,0.1.0,docker,energy/surface-energy-closure,N/A,INCOMPLETE,not run,,"does not report hfls, hfss, hfg; model timestep PT1D does not cover the probe's PT1H"
2026-09-12,lisflood,5.0.0-onecell.5,0.1.0,docker,mass/catchment-closure (adapter contract),PASS,OK,30-day flood event,598896396,"adapter contract OK: 395 rows in 17.2s, columns pr, evspsbl, mrro, dis, gwex, mrso, snw, canopy, gw, channel"
2026-09-12,lisflood,5.0.0-onecell.5,0.1.0,docker,energy/evaporative-partition,N/A,INCOMPLETE,not run,,"does not report hfls, hfss, hfg"
2026-09-12,lisflood,5.0.0-onecell.5,0.1.0,docker,energy/latent-heat-et-consistency,N/A,INCOMPLETE,not run,,"does not report hfls, hfss, hfg"
2026-09-12,lisflood,5.0.0-onecell.5,0.1.0,docker,energy/pet-consistency,PASS,OK,3650-day flood event,770619041 1277571155 1784523269,demand_consistency: evaporation follows demand when the soil is wet (0.90 of potential) and is water-limited when it is dry (0.09); 0.44 of potential over the record
2026-09-12,lisflood,5.0.0-onecell.5,0.1.0,docker,energy/surface-energy-closure,N/A,INCOMPLETE,not run,,"does not report hfls, hfss, hfg"
2026-09-12,lisflood,5.0.0-onecell.5,0.1.0,docker,mass/antecedent-monotonicity,PASS,OK,730-day flood event,1295520324 1802472438 161940905,"antecedent_monotonicity: the wetter catchment runs off 6.9 mm more from the 60 mm storm (0.11 of it), within the 120 mm it had been given"
2026-09-12,lisflood,5.0.0-onecell.5,0.1.0,docker,mass/area-invariance,PASS,OK,365-day flood event,66780378 573732492 1080684606,invariance: the transform leaves the answer unchanged (worst departure 0.000e+00)
2026-09-12,lisflood,5.0.0-onecell.5,0.1.0,docker,mass/catchment-closure,PASS,OK,30-day flood event,598896396 1105848510 1612800624 2119752738 479221205,closure: cumulative residual 0.0000% of sum_pr (limit 5.0%); state_bounds: all storages stay physical; non_degenerate: partition and variability are non-trivial
2026-09-12,lisflood,5.0.0-onecell.5,0.1.0,docker,mass/causality,PASS,OK,730-day flood event,1016628858 1523580972 2030533086,causality: nothing moves before the storm of 2002-02-04 (worst 0.0e+00 relative) and mrro answers it afterwards (+0.988 of the added rain)
2026-09-12,lisflood,5.0.0-onecell.5,0.1.0,docker,mass/dry-down,PASS,OK,730-day flood event,186927550 693879664 1200831778,"dry_down: drains without rain: 26 mm over 730 dry days against a 357 mm bound, and nothing rises"
2026-09-12,lisflood,5.0.0-onecell.5,0.1.0,docker,mass/extreme-rain,PASS,OK,1095-day flood event,154098211 661050325 1168002439,monotone_response: mrro rises with the storm on every rung and returns 1.00 of the 997 mm added at the top
2026-09-12,lisflood,5.0.0-onecell.5,0.1.0,docker,mass/human-abstraction,FAIL,ERROR,3650-day flood event,1129545695 1636497809 2143449923,lisflood: container exceeded the time budget for mass/human-abstraction
2026-09-12,lisflood,5.0.0-onecell.5,0.1.0,docker,mass/phase-counterfactual,PASS,OK,1095-day flood event,25625370 532577484 1039529598,phase_invariance: turning snow into rain moves the integrated volumes by at most 2.2% of the rain (mrro)
2026-09-12,lisflood,5.0.0-onecell.5,0.1.0,docker,mass/precipitation-counterfactual,FAIL,ERROR,3650-day flood event,872466880 1379418994 1886371108,lisflood: container exceeded the time budget for mass/precipitation-counterfactual
2026-09-12,lisflood,5.0.0-onecell.5,0.1.0,docker,mass/resolution-invariance,FAIL,VIOLATION,30-day flood event,746687816 1253639930 1760592044,resolution_invariance: mrro differs by 13.0% of pr between PT1H and PT1D (limit 10%)
2026-09-12,lisflood,5.0.0-onecell.5,0.1.0,docker,mass/response-nonnegativity,PASS,OK,730-day flood event,699572709 1206524823 1713476937,response_nonnegativity: mrro never falls below the control after the added 120 mm (largest dip -1.8e-05 of it)
2026-09-12,lisflood,5.0.0-onecell.5,0.1.0,docker,mass/runoff-bounds,PASS,OK,3650-day flood event,726751959 1233704073 1740656187 100124654 607076768,"runoff_bounds: runoff is 0.64 of the rain, inside [0.11, 1.07] (demand 0.82 of rain, storage 444 mm)"
2026-09-12,lisflood,5.0.0-onecell.5,0.1.0,docker,mass/steady-state,PASS,OK,1095-day flood event,1815845244 175313711 682265825,"steady_state: settles: runoff 1.102 mm/day under 2.500 mm/day of rain, nothing varies by more than 0.23% (mrro) in the last 365 days"
2026-09-12,lisflood,5.0.0-onecell.5,0.1.0,docker,mass/time-origin-invariance,PASS,OK,365-day flood event,1264165719 1771117833 130586300,invariance: the transform leaves the answer unchanged (worst departure 0.000e+00)
2026-09-12,lisflood,5.0.0-onecell.5,0.1.0,docker,mass/warming-response,PASS,OK,365-day flood event,732983943 1239936057 1746888171 106356638 613308752,"response_sign: the response to pet points the right way in both directions (per unit of demand: warmer (+142 mm of pet): mrro -0.373, evspsbl +0.372; cooler (-142 mm of pet): mrro -0.380, evspsbl +0.373)"
2026-09-12,lisflood,5.0.0-onecell.5,0.1.0,docker,momentum/routing-conservation,PASS,OK,1095-day flood event,417694852 924646966 1431599080,routing_conservation: the channel store stays non-negative and within 0.07 of what a 15-day hydrograph can hold
2026-09-12,flex_lumped,1.0.0,0.1.0,subprocess,mass/extreme-event-closure,PASS,OK,full record,492502526 999454640 1506406754 2013358868 372827335,"event_water_closure: worst event residual 7.19091e-13 mm / 0.00108765 mm allowed (0.0000% of event precipitation; 0/1299 events fail; allowance=max(5.0% of rain, 0.001 mm))"
2026-09-12,flex_topo,1.0.0,0.1.0,subprocess,mass/extreme-event-closure,PASS,OK,full record,492502526 999454640 1506406754 2013358868 372827335,"event_water_closure: worst event residual 1.34104e-12 mm / 0.001 mm allowed (0.0000% of event precipitation; 0/1245 events fail; allowance=max(5.0% of rain, 0.001 mm))"
2026-09-12,sacsma_snow17,1.0.0,0.1.0,subprocess,mass/extreme-event-closure,PASS,OK,full record,492502526 999454640 1506406754 2013358868 372827335,"event_water_closure: worst event residual 6.03073e-13 mm / 0.001 mm allowed (0.0000% of event precipitation; 0/1262 events fail; allowance=max(5.0% of rain, 0.001 mm))"
2026-09-12,google_flood_forecast,0.1.0-828dfc5,0.1.0,docker,mass/extreme-event-closure,N/A,INCOMPLETE,not run,,"does not report pr, evspsbl, mrso, snw, canopy"
2026-09-12,dhbv2,0.5.4-hbv2ep100.3,0.1.0,docker,mass/extreme-event-closure,FAIL,VIOLATION,full record,492502526 999454640 1506406754 2013358868 372827335,"state_bounds: mrso leaves [0, 320] on 7300 steps (range 561 to 811)"
2026-09-12,wflow_sbm,1.0.4-ht.4,0.1.0,docker,mass/extreme-event-closure,FAIL,VIOLATION,full record,492502526 999454640 1506406754 2013358868 372827335,"event_water_closure: worst event residual 0.00162791 mm / 0.001 mm allowed (28.1695% of event precipitation; 1/1299 events fail; allowance=max(5.0% of rain, 0.001 mm))"
2026-09-12,summa,4.0.0-f787fa5.4,0.1.0,docker,mass/extreme-event-closure,FAIL,VIOLATION,full record,492502526 999454640 1506406754 2013358868 372827335,"state_bounds: canopy leaves [0, 2] on 68 steps (range 0.0092 to 25)"
2026-09-12,cwatm,1.11-5baaadd.4,0.1.0,docker,mass/extreme-event-closure,FAIL,VIOLATION,full record,492502526 999454640 1506406754 2013358868 372827335,"event_water_closure: worst event residual 0.00491841 mm / 0.001 mm allowed (114.5948% of event precipitation; 4/1257 events fail; allowance=max(5.0% of rain, 0.001 mm))"
2026-09-12,lisflood,5.0.0-onecell.5,0.1.0,docker,mass/extreme-event-closure,PASS,OK,7300-day flood event,492502526 999454640 1506406754 2013358868 372827335,"event_water_closure: worst event residual 1.35003e-13 mm / 0.001 mm allowed (0.0000% of event precipitation; 0/1299 events fail; allowance=max(5.0% of rain, 0.001 mm))"
2026-09-12,cwatm,1.11-5baaadd.4,0.1.0,docker,energy/radiation-consistency,N/A,INCOMPLETE,not run,,"does not report rlus, ts; model timestep PT1D does not cover the probe's PT1H; model does not declare that it consumes forcing rlds; model does not declare that it consumes static eps"
2026-09-12,dhbv2,0.5.4-hbv2ep100.3,0.1.0,docker,energy/radiation-consistency,N/A,INCOMPLETE,not run,,"does not report rlus, ts; model timestep PT1D does not cover the probe's PT1H; model does not declare that it consumes forcing rlds; model does not declare that it consumes static eps"
2026-09-12,flex_lumped,1.0.0,0.1.0,subprocess,energy/radiation-consistency,N/A,INCOMPLETE,not run,,"does not report rlus, ts; model does not declare that it consumes forcing rlds; model does not declare that it consumes static eps"
2026-09-12,flex_topo,1.0.0,0.1.0,subprocess,energy/radiation-consistency,N/A,INCOMPLETE,not run,,"does not report rlus, ts; model does not declare that it consumes forcing rlds; model does not declare that it consumes static eps"
2026-09-12,google_flood_forecast,0.1.0-828dfc5,0.1.0,docker,energy/radiation-consistency,N/A,INCOMPLETE,not run,,"does not report rlus, ts; model timestep PT1D does not cover the probe's PT1H; model does not declare that it consumes forcing rlds; model does not declare that it consumes static eps"
2026-09-12,sacsma_snow17,1.0.0,0.1.0,subprocess,energy/radiation-consistency,N/A,INCOMPLETE,not run,,"does not report rlus, ts; model does not declare that it consumes forcing rlds; model does not declare that it consumes static eps"
2026-09-12,summa,4.0.0-f787fa5.4,0.1.0,docker,energy/radiation-consistency,N/A,INCOMPLETE,not run,,"does not report rlus, ts; model does not declare that it consumes forcing rlds; model does not declare that it consumes static eps"
2026-09-12,wflow_sbm,1.0.4-ht.4,0.1.0,docker,energy/radiation-consistency,N/A,INCOMPLETE,not run,,"does not report rlus, ts; model does not declare that it consumes forcing rlds; model does not declare that it consumes static eps"
2026-09-12,lisflood,5.0.0-onecell.5,0.1.0,docker,energy/radiation-consistency,N/A,INCOMPLETE,not run,,"does not report rlus, ts; model does not declare that it consumes forcing rlds; model does not declare that it consumes static eps"
2026-09-13,cwatm,1.11-5baaadd.4,0.1.0,docker,energy/soil-heat-storage-consistency,N/A,INCOMPLETE,not run,,"does not report hfg, hfg_bottom, tsoil_layer; model timestep PT1D does not cover the probe's PT1H; model does not declare that it consumes forcing rsds, rlds; model does not declare that it consumes static soil_heat_capacity_areal, soil_layer_depth_m, soil_temperature_initial"
2026-09-13,dhbv2,0.5.4-hbv2ep100.3,0.1.0,docker,energy/soil-heat-storage-consistency,N/A,INCOMPLETE,not run,,"does not report hfg, hfg_bottom, tsoil_layer; model timestep PT1D does not cover the probe's PT1H; model does not declare that it consumes forcing rsds, rlds; model does not declare that it consumes static soil_heat_capacity_areal, soil_layer_depth_m, soil_temperature_initial"
2026-09-13,flex_lumped,1.0.0,0.1.0,subprocess,energy/soil-heat-storage-consistency,N/A,INCOMPLETE,not run,,"does not report hfg, hfg_bottom, tsoil_layer; model does not declare that it consumes forcing rsds, rlds; model does not declare that it consumes static soil_heat_capacity_areal, soil_layer_depth_m, soil_temperature_initial"
2026-09-13,flex_topo,1.0.0,0.1.0,subprocess,energy/soil-heat-storage-consistency,N/A,INCOMPLETE,not run,,"does not report hfg, hfg_bottom, tsoil_layer; model does not declare that it consumes forcing rsds, rlds; model does not declare that it consumes static soil_heat_capacity_areal, soil_layer_depth_m, soil_temperature_initial"
2026-09-13,google_flood_forecast,0.1.0-828dfc5,0.1.0,docker,energy/soil-heat-storage-consistency,N/A,INCOMPLETE,not run,,"does not report hfg, hfg_bottom, tsoil_layer; model timestep PT1D does not cover the probe's PT1H; model does not declare that it consumes forcing rsds, rlds; model does not declare that it consumes static soil_heat_capacity_areal, soil_layer_depth_m, soil_temperature_initial"
2026-09-13,lisflood,5.0.0-onecell.5,0.1.0,docker,energy/soil-heat-storage-consistency,N/A,INCOMPLETE,not run,,"does not report hfg, hfg_bottom, tsoil_layer; model does not declare that it consumes forcing rsds, rlds; model does not declare that it consumes static soil_heat_capacity_areal, soil_layer_depth_m, soil_temperature_initial"
2026-09-13,reference_abstraction_blind,1.0.0,0.1.0,subprocess,energy/soil-heat-storage-consistency,N/A,INCOMPLETE,not run,,"does not report hfg, hfg_bottom, tsoil_layer; model does not declare that it consumes forcing rsds, rlds; model does not declare that it consumes static soil_heat_capacity_areal, soil_layer_depth_m, soil_temperature_initial"
2026-09-13,reference_air_emitter,1.0.0,0.1.0,subprocess,energy/soil-heat-storage-consistency,N/A,INCOMPLETE,not run,,"does not report hfg_bottom, tsoil_layer; model does not declare that it consumes forcing rsds; model does not declare that it consumes static soil_heat_capacity_areal, soil_layer_depth_m, soil_temperature_initial"
2026-09-13,reference_anticipating,1.0.0,0.1.0,subprocess,energy/soil-heat-storage-consistency,N/A,INCOMPLETE,not run,,"does not report hfg, hfg_bottom, tsoil_layer; model does not declare that it consumes forcing rsds, rlds; model does not declare that it consumes static soil_heat_capacity_areal, soil_layer_depth_m, soil_temperature_initial"
2026-09-13,reference_area_leak,1.0.0,0.1.0,subprocess,energy/soil-heat-storage-consistency,N/A,INCOMPLETE,not run,,"does not report hfg, hfg_bottom, tsoil_layer; model does not declare that it consumes forcing rsds, rlds; model does not declare that it consumes static soil_heat_capacity_areal, soil_layer_depth_m, soil_temperature_initial"
2026-09-13,reference_bucket,1.0.0,0.1.0,subprocess,energy/soil-heat-storage-consistency,N/A,INCOMPLETE,not run,,"does not report hfg, hfg_bottom, tsoil_layer; model does not declare that it consumes forcing rsds, rlds; model does not declare that it consumes static soil_heat_capacity_areal, soil_layer_depth_m, soil_temperature_initial"
2026-09-13,reference_calendar,1.0.0,0.1.0,subprocess,energy/soil-heat-storage-consistency,N/A,INCOMPLETE,not run,,"does not report hfg, hfg_bottom, tsoil_layer; model timestep PT1D does not cover the probe's PT1H; model does not declare that it consumes forcing rsds, rlds; model does not declare that it consumes static soil_heat_capacity_areal, soil_layer_depth_m, soil_temperature_initial"
2026-09-13,reference_cheater,1.0.0,0.1.0,subprocess,energy/soil-heat-storage-consistency,N/A,INCOMPLETE,not run,,"does not report hfg, hfg_bottom, tsoil_layer; model timestep PT1D does not cover the probe's PT1H; model does not declare that it consumes forcing rsds, rlds; model does not declare that it consumes static soil_heat_capacity_areal, soil_layer_depth_m, soil_temperature_initial"
2026-09-13,reference_climatology,1.0.0,0.1.0,subprocess,energy/soil-heat-storage-consistency,N/A,INCOMPLETE,not run,,"does not report hfg, hfg_bottom, tsoil_layer; model does not declare that it consumes forcing rsds, rlds; model does not declare that it consumes static soil_heat_capacity_areal, soil_layer_depth_m, soil_temperature_initial"
2026-09-13,reference_constant_lambda,1.0.0,0.1.0,subprocess,energy/soil-heat-storage-consistency,N/A,INCOMPLETE,not run,,"does not report hfg_bottom, tsoil_layer; model timestep PT1D does not cover the probe's PT1H; model does not declare that it consumes forcing rsds, rlds; model does not declare that it consumes static soil_heat_capacity_areal, soil_layer_depth_m, soil_temperature_initial"
2026-09-13,reference_coupled,1.1.0,0.1.0,subprocess,energy/soil-heat-storage-consistency,N/A,INCOMPLETE,not run,,"does not report hfg_bottom, tsoil_layer; model does not declare that it consumes forcing rsds, rlds; model does not declare that it consumes static soil_heat_capacity_areal, soil_layer_depth_m, soil_temperature_initial"
2026-09-13,reference_degenerate,1.0.0,0.1.0,subprocess,energy/soil-heat-storage-consistency,N/A,INCOMPLETE,not run,,"does not report hfg, hfg_bottom, tsoil_layer; model timestep PT1D does not cover the probe's PT1H; model does not declare that it consumes forcing rsds, rlds; model does not declare that it consumes static soil_heat_capacity_areal, soil_layer_depth_m, soil_temperature_initial"
2026-09-13,reference_diurnal_bias,1.0.0,0.1.0,subprocess,energy/soil-heat-storage-consistency,N/A,INCOMPLETE,not run,,"does not report hfg_bottom, tsoil_layer; model does not declare that it consumes forcing rsds, rlds; model does not declare that it consumes static soil_heat_capacity_areal, soil_layer_depth_m, soil_temperature_initial"
2026-09-13,reference_energy_leak,1.0.0,0.1.0,subprocess,energy/soil-heat-storage-consistency,N/A,INCOMPLETE,not run,,"does not report hfg_bottom, tsoil_layer; model timestep PT1D does not cover the probe's PT1H; model does not declare that it consumes forcing rsds, rlds; model does not declare that it consumes static soil_heat_capacity_areal, soil_layer_depth_m, soil_temperature_initial"
2026-09-13,reference_fixed_step,1.0.0,0.1.0,subprocess,energy/soil-heat-storage-consistency,N/A,INCOMPLETE,not run,,"does not report hfg, hfg_bottom, tsoil_layer; model does not declare that it consumes forcing rsds, rlds; model does not declare that it consumes static soil_heat_capacity_areal, soil_layer_depth_m, soil_temperature_initial"
2026-09-13,reference_ground_dodge,1.0.0,0.1.0,subprocess,energy/soil-heat-storage-consistency,N/A,INCOMPLETE,not run,,"does not report hfg_bottom, tsoil_layer; model timestep PT1D does not cover the probe's PT1H; model does not declare that it consumes forcing rsds, rlds; model does not declare that it consumes static soil_heat_capacity_areal, soil_layer_depth_m, soil_temperature_initial"
2026-09-13,reference_in_sample,1.0.0,0.1.0,subprocess,energy/soil-heat-storage-consistency,N/A,INCOMPLETE,not run,,"does not report hfg, hfg_bottom, tsoil_layer; model timestep PT1D does not cover the probe's PT1H; model does not declare that it consumes forcing rsds, rlds; model does not declare that it consumes static soil_heat_capacity_areal, soil_layer_depth_m, soil_temperature_initial"
2026-09-13,reference_leaky,1.0.0,0.1.0,subprocess,energy/soil-heat-storage-consistency,N/A,INCOMPLETE,not run,,"does not report hfg, hfg_bottom, tsoil_layer; model timestep PT1D does not cover the probe's PT1H; model does not declare that it consumes forcing rsds, rlds; model does not declare that it consumes static soil_heat_capacity_areal, soil_layer_depth_m, soil_temperature_initial"
2026-09-13,reference_no_reflection,1.0.0,0.1.0,subprocess,energy/soil-heat-storage-consistency,N/A,INCOMPLETE,not run,,"does not report hfg_bottom, tsoil_layer; model does not declare that it consumes forcing rsds; model does not declare that it consumes static soil_heat_capacity_areal, soil_layer_depth_m, soil_temperature_initial"
2026-09-13,reference_overflowing,1.0.0,0.1.0,subprocess,energy/soil-heat-storage-consistency,N/A,INCOMPLETE,not run,,"does not report hfg, hfg_bottom, tsoil_layer; model does not declare that it consumes forcing rsds, rlds; model does not declare that it consumes static soil_heat_capacity_areal, soil_layer_depth_m, soil_temperature_initial"
2026-09-13,reference_overshooting,1.0.0,0.1.0,subprocess,energy/soil-heat-storage-consistency,N/A,INCOMPLETE,not run,,"does not report hfg, hfg_bottom, tsoil_layer; model does not declare that it consumes forcing rsds, rlds; model does not declare that it consumes static soil_heat_capacity_areal, soil_layer_depth_m, soil_temperature_initial"
2026-09-13,reference_radiative,1.0.0,0.1.0,subprocess,energy/soil-heat-storage-consistency,N/A,INCOMPLETE,not run,,"does not report hfg_bottom, tsoil_layer; model does not declare that it consumes forcing rsds; model does not declare that it consumes static soil_heat_capacity_areal, soil_layer_depth_m, soil_temperature_initial"
2026-09-13,reference_restless,1.0.0,0.1.0,subprocess,energy/soil-heat-storage-consistency,N/A,INCOMPLETE,not run,,"does not report hfg, hfg_bottom, tsoil_layer; model does not declare that it consumes forcing rsds, rlds; model does not declare that it consumes static soil_heat_capacity_areal, soil_layer_depth_m, soil_temperature_initial"
2026-09-13,reference_saturating,1.0.0,0.1.0,subprocess,energy/soil-heat-storage-consistency,N/A,INCOMPLETE,not run,,"does not report hfg, hfg_bottom, tsoil_layer; model does not declare that it consumes forcing rsds, rlds; model does not declare that it consumes static soil_heat_capacity_areal, soil_layer_depth_m, soil_temperature_initial"
2026-09-13,reference_streamflow_only,1.0.0,0.1.0,subprocess,energy/soil-heat-storage-consistency,N/A,INCOMPLETE,not run,,"does not report hfg, hfg_bottom, tsoil_layer; model timestep PT1D does not cover the probe's PT1H; model does not declare that it consumes forcing rsds, rlds; model does not declare that it consumes static soil_heat_capacity_areal, soil_layer_depth_m, soil_temperature_initial"
2026-09-13,reference_stuck_router,1.0.0,0.1.0,subprocess,energy/soil-heat-storage-consistency,N/A,INCOMPLETE,not run,,"does not report hfg, hfg_bottom, tsoil_layer; model does not declare that it consumes forcing rsds, rlds; model does not declare that it consumes static soil_heat_capacity_areal, soil_layer_depth_m, soil_temperature_initial"
2026-09-13,reference_sublimating,1.0.0,0.1.0,subprocess,energy/soil-heat-storage-consistency,N/A,INCOMPLETE,not run,,"does not report hfg, hfg_bottom, tsoil_layer; model does not declare that it consumes forcing rsds, rlds; model does not declare that it consumes static soil_heat_capacity_areal, soil_layer_depth_m, soil_temperature_initial"
2026-09-13,reference_sublimation_blind,1.0.0,0.1.0,subprocess,energy/soil-heat-storage-consistency,N/A,INCOMPLETE,not run,,"does not report hfg_bottom, tsoil_layer; model timestep PT1D does not cover the probe's PT1H; model does not declare that it consumes forcing rsds, rlds; model does not declare that it consumes static soil_heat_capacity_areal, soil_layer_depth_m, soil_temperature_initial"
2026-09-13,reference_thirsty,1.0.0,0.1.0,subprocess,energy/soil-heat-storage-consistency,N/A,INCOMPLETE,not run,,"does not report hfg, hfg_bottom, tsoil_layer; model does not declare that it consumes forcing rsds, rlds; model does not declare that it consumes static soil_heat_capacity_areal, soil_layer_depth_m, soil_temperature_initial"
2026-09-13,reference_two_head,1.0.0,0.1.0,subprocess,energy/soil-heat-storage-consistency,N/A,INCOMPLETE,not run,,"does not report hfg_bottom, tsoil_layer; model timestep PT1D does not cover the probe's PT1H; model does not declare that it consumes forcing rsds, rlds; model does not declare that it consumes static soil_heat_capacity_areal, soil_layer_depth_m, soil_temperature_initial"
2026-09-13,sacsma_snow17,1.0.0,0.1.0,subprocess,energy/soil-heat-storage-consistency,N/A,INCOMPLETE,not run,,"does not report hfg, hfg_bottom, tsoil_layer; model does not declare that it consumes forcing rsds, rlds; model does not declare that it consumes static soil_heat_capacity_areal, soil_layer_depth_m, soil_temperature_initial"
2026-09-13,summa,4.0.0-f787fa5.4,0.1.0,docker,energy/soil-heat-storage-consistency,N/A,INCOMPLETE,not run,,"does not report hfg_bottom, tsoil_layer; model does not declare that it consumes forcing rsds, rlds; model does not declare that it consumes static soil_heat_capacity_areal, soil_layer_depth_m, soil_temperature_initial"
2026-09-13,wflow_sbm,1.0.4-ht.4,0.1.0,docker,energy/soil-heat-storage-consistency,N/A,INCOMPLETE,not run,,"does not report hfg, hfg_bottom, tsoil_layer; model does not declare that it consumes forcing rsds, rlds; model does not declare that it consumes static soil_heat_capacity_areal, soil_layer_depth_m, soil_temperature_initial"
2026-09-13,reference_soil_heat,1.0.0,0.1.0,subprocess,energy/evaporative-partition,N/A,INCOMPLETE,not run,,"does not report evspsbl, mrro, mrso, snw, canopy; model timestep PT1H does not cover the probe's PT1D"
2026-09-13,reference_soil_heat,1.0.0,0.1.0,subprocess,energy/latent-heat-et-consistency,N/A,INCOMPLETE,not run,,"does not report evspsbl, mrro, mrso, snw, canopy; model timestep PT1H does not cover the probe's PT1D"
2026-09-13,reference_soil_heat,1.0.0,0.1.0,subprocess,energy/pet-consistency,N/A,INCOMPLETE,not run,,"does not report evspsbl, mrro, mrso; model timestep PT1H does not cover the probe's PT1D"
2026-09-13,reference_soil_heat,1.0.0,0.1.0,subprocess,energy/radiation-consistency,N/A,INCOMPLETE,not run,,"does not report rlus, ts; model does not declare that it consumes static eps"
2026-09-13,reference_soil_heat,1.0.0,0.1.0,subprocess,energy/soil-heat-storage-consistency,PASS,OK,full record,1239414052 1746366166 105834633 612786747 1119738861,soil_heat_storage: 0 of 2 soil heat phases fail; worst recovery [12:72] has mean absolute residual 1.18e-11 W m-2 against 1 W m-2 allowed
2026-09-13,reference_soil_heat,1.0.0,0.1.0,subprocess,energy/surface-energy-closure,N/A,INCOMPATIBLE,not run,571582959 1078535073 1585487187 2092439301 451907768,"forcing does not provide rsds, rlds; static does not provide soil_heat_capacity_areal, soil_layer_depth_m, soil_temperature_initial"
2026-09-13,reference_soil_heat,1.0.0,0.1.0,subprocess,mass/antecedent-monotonicity,N/A,INCOMPLETE,not run,,does not report mrro; model timestep PT1H does not cover the probe's PT1D
2026-09-13,reference_soil_heat,1.0.0,0.1.0,subprocess,mass/area-invariance,N/A,INCOMPLETE,not run,,does not report mrro; model timestep PT1H does not cover the probe's PT1D
2026-09-13,reference_soil_heat,1.0.0,0.1.0,subprocess,mass/catchment-closure,N/A,INCOMPLETE,not run,,"does not report evspsbl, mrro, mrso, snw, canopy; model timestep PT1H does not cover the probe's PT1D"
2026-09-13,reference_soil_heat,1.0.0,0.1.0,subprocess,mass/causality,N/A,INCOMPLETE,not run,,does not report mrro; model timestep PT1H does not cover the probe's PT1D
2026-09-13,reference_soil_heat,1.0.0,0.1.0,subprocess,mass/dry-down,N/A,INCOMPLETE,not run,,does not report mrro; model timestep PT1H does not cover the probe's PT1D
2026-09-13,reference_soil_heat,1.0.0,0.1.0,subprocess,mass/extreme-event-closure,N/A,INCOMPLETE,not run,,"does not report evspsbl, mrro, mrso, snw, canopy; model timestep PT1H does not cover the probe's PT1D"
2026-09-13,reference_soil_heat,1.0.0,0.1.0,subprocess,mass/extreme-rain,N/A,INCOMPLETE,not run,,does not report mrro; model timestep PT1H does not cover the probe's PT1D
2026-09-13,reference_soil_heat,1.0.0,0.1.0,subprocess,mass/human-abstraction,N/A,INCOMPLETE,not run,,"does not report evspsbl, mrro, mrso, snw, canopy; model timestep PT1H does not cover the probe's PT1D"
2026-09-13,reference_soil_heat,1.0.0,0.1.0,subprocess,mass/phase-counterfactual,N/A,INCOMPLETE,not run,,does not report mrro; model timestep PT1H does not cover the probe's PT1D
2026-09-13,reference_soil_heat,1.0.0,0.1.0,subprocess,mass/precipitation-counterfactual,N/A,INCOMPLETE,not run,,"does not report evspsbl, mrro, mrso, snw, canopy; model timestep PT1H does not cover the probe's PT1D"
2026-09-13,reference_soil_heat,1.0.0,0.1.0,subprocess,mass/resolution-invariance,N/A,INCOMPLETE,not run,,does not report mrro
2026-09-13,reference_soil_heat,1.0.0,0.1.0,subprocess,mass/response-nonnegativity,N/A,INCOMPLETE,not run,,does not report mrro; model timestep PT1H does not cover the probe's PT1D
2026-09-13,reference_soil_heat,1.0.0,0.1.0,subprocess,mass/runoff-bounds,N/A,INCOMPLETE,not run,,does not report mrro; model timestep PT1H does not cover the probe's PT1D
2026-09-13,reference_soil_heat,1.0.0,0.1.0,subprocess,mass/steady-state,N/A,INCOMPLETE,not run,,does not report mrro; model timestep PT1H does not cover the probe's PT1D
2026-09-13,reference_soil_heat,1.0.0,0.1.0,subprocess,mass/time-origin-invariance,N/A,INCOMPLETE,not run,,"does not report evspsbl, mrro, mrso, snw, canopy; model timestep PT1H does not cover the probe's PT1D"
2026-09-13,reference_soil_heat,1.0.0,0.1.0,subprocess,mass/warming-response,N/A,INCOMPLETE,not run,,does not report mrro; model timestep PT1H does not cover the probe's PT1D
2026-09-13,reference_soil_heat,1.0.0,0.1.0,subprocess,momentum/routing-conservation,N/A,INCOMPLETE,not run,,"does not report mrro, channel; model timestep PT1H does not cover the probe's PT1D"
2026-09-13,reference_frozen_soil,1.0.0,0.1.0,subprocess,energy/evaporative-partition,N/A,INCOMPLETE,not run,,"does not report evspsbl, mrro, mrso, snw, canopy; model timestep PT1H does not cover the probe's PT1D"
2026-09-13,reference_frozen_soil,1.0.0,0.1.0,subprocess,energy/latent-heat-et-consistency,N/A,INCOMPLETE,not run,,"does not report evspsbl, mrro, mrso, snw, canopy; model timestep PT1H does not cover the probe's PT1D"
2026-09-13,reference_frozen_soil,1.0.0,0.1.0,subprocess,energy/pet-consistency,N/A,INCOMPLETE,not run,,"does not report evspsbl, mrro, mrso; model timestep PT1H does not cover the probe's PT1D"
2026-09-13,reference_frozen_soil,1.0.0,0.1.0,subprocess,energy/radiation-consistency,N/A,INCOMPLETE,not run,,"does not report rlus, ts; model does not declare that it consumes static eps"
2026-09-13,reference_frozen_soil,1.0.0,0.1.0,subprocess,energy/soil-heat-storage-consistency,FAIL,VIOLATION,full record,1239414052 1746366166 105834633 612786747 1119738861,soil_heat_storage: 2 of 2 soil heat phases fail; worst heating [0:12] has mean absolute residual 34.5 W m-2 against 1.73 W m-2 allowed
2026-09-13,reference_frozen_soil,1.0.0,0.1.0,subprocess,energy/surface-energy-closure,N/A,INCOMPATIBLE,not run,571582959 1078535073 1585487187 2092439301 451907768,"forcing does not provide rsds, rlds; static does not provide soil_heat_capacity_areal, soil_layer_depth_m, soil_temperature_initial"
2026-09-13,reference_frozen_soil,1.0.0,0.1.0,subprocess,mass/antecedent-monotonicity,N/A,INCOMPLETE,not run,,does not report mrro; model timestep PT1H does not cover the probe's PT1D
2026-09-13,reference_frozen_soil,1.0.0,0.1.0,subprocess,mass/area-invariance,N/A,INCOMPLETE,not run,,does not report mrro; model timestep PT1H does not cover the probe's PT1D
2026-09-13,reference_frozen_soil,1.0.0,0.1.0,subprocess,mass/catchment-closure,N/A,INCOMPLETE,not run,,"does not report evspsbl, mrro, mrso, snw, canopy; model timestep PT1H does not cover the probe's PT1D"
2026-09-13,reference_frozen_soil,1.0.0,0.1.0,subprocess,mass/causality,N/A,INCOMPLETE,not run,,does not report mrro; model timestep PT1H does not cover the probe's PT1D
2026-09-13,reference_frozen_soil,1.0.0,0.1.0,subprocess,mass/dry-down,N/A,INCOMPLETE,not run,,does not report mrro; model timestep PT1H does not cover the probe's PT1D
2026-09-13,reference_frozen_soil,1.0.0,0.1.0,subprocess,mass/extreme-event-closure,N/A,INCOMPLETE,not run,,"does not report evspsbl, mrro, mrso, snw, canopy; model timestep PT1H does not cover the probe's PT1D"
2026-09-13,reference_frozen_soil,1.0.0,0.1.0,subprocess,mass/extreme-rain,N/A,INCOMPLETE,not run,,does not report mrro; model timestep PT1H does not cover the probe's PT1D
2026-09-13,reference_frozen_soil,1.0.0,0.1.0,subprocess,mass/human-abstraction,N/A,INCOMPLETE,not run,,"does not report evspsbl, mrro, mrso, snw, canopy; model timestep PT1H does not cover the probe's PT1D"
2026-09-13,reference_frozen_soil,1.0.0,0.1.0,subprocess,mass/phase-counterfactual,N/A,INCOMPLETE,not run,,does not report mrro; model timestep PT1H does not cover the probe's PT1D
2026-09-13,reference_frozen_soil,1.0.0,0.1.0,subprocess,mass/precipitation-counterfactual,N/A,INCOMPLETE,not run,,"does not report evspsbl, mrro, mrso, snw, canopy; model timestep PT1H does not cover the probe's PT1D"
2026-09-13,reference_frozen_soil,1.0.0,0.1.0,subprocess,mass/resolution-invariance,N/A,INCOMPLETE,not run,,does not report mrro
2026-09-13,reference_frozen_soil,1.0.0,0.1.0,subprocess,mass/response-nonnegativity,N/A,INCOMPLETE,not run,,does not report mrro; model timestep PT1H does not cover the probe's PT1D
2026-09-13,reference_frozen_soil,1.0.0,0.1.0,subprocess,mass/runoff-bounds,N/A,INCOMPLETE,not run,,does not report mrro; model timestep PT1H does not cover the probe's PT1D
2026-09-13,reference_frozen_soil,1.0.0,0.1.0,subprocess,mass/steady-state,N/A,INCOMPLETE,not run,,does not report mrro; model timestep PT1H does not cover the probe's PT1D
2026-09-13,reference_frozen_soil,1.0.0,0.1.0,subprocess,mass/time-origin-invariance,N/A,INCOMPLETE,not run,,"does not report evspsbl, mrro, mrso, snw, canopy; model timestep PT1H does not cover the probe's PT1D"
2026-09-13,reference_frozen_soil,1.0.0,0.1.0,subprocess,mass/warming-response,N/A,INCOMPLETE,not run,,does not report mrro; model timestep PT1H does not cover the probe's PT1D
2026-09-13,reference_frozen_soil,1.0.0,0.1.0,subprocess,momentum/routing-conservation,N/A,INCOMPLETE,not run,,"does not report mrro, channel; model timestep PT1H does not cover the probe's PT1D"
2026-09-13,reference_half_soil,1.0.0,0.1.0,subprocess,energy/evaporative-partition,N/A,INCOMPLETE,not run,,"does not report evspsbl, mrro, mrso, snw, canopy; model timestep PT1H does not cover the probe's PT1D"
2026-09-13,reference_half_soil,1.0.0,0.1.0,subprocess,energy/latent-heat-et-consistency,N/A,INCOMPLETE,not run,,"does not report evspsbl, mrro, mrso, snw, canopy; model timestep PT1H does not cover the probe's PT1D"
2026-09-13,reference_half_soil,1.0.0,0.1.0,subprocess,energy/pet-consistency,N/A,INCOMPLETE,not run,,"does not report evspsbl, mrro, mrso; model timestep PT1H does not cover the probe's PT1D"
2026-09-13,reference_half_soil,1.0.0,0.1.0,subprocess,energy/radiation-consistency,N/A,INCOMPLETE,not run,,"does not report rlus, ts; model does not declare that it consumes static eps"
2026-09-13,reference_half_soil,1.0.0,0.1.0,subprocess,energy/soil-heat-storage-consistency,FAIL,VIOLATION,full record,1239414052 1746366166 105834633 612786747 1119738861,soil_heat_storage: 2 of 2 soil heat phases fail; worst heating [0:12] has mean absolute residual 26.2 W m-2 against 2.62 W m-2 allowed
2026-09-13,reference_half_soil,1.0.0,0.1.0,subprocess,energy/surface-energy-closure,N/A,INCOMPATIBLE,not run,571582959 1078535073 1585487187 2092439301 451907768,"forcing does not provide rsds, rlds; static does not provide soil_heat_capacity_areal, soil_layer_depth_m, soil_temperature_initial"
2026-09-13,reference_half_soil,1.0.0,0.1.0,subprocess,mass/antecedent-monotonicity,N/A,INCOMPLETE,not run,,does not report mrro; model timestep PT1H does not cover the probe's PT1D
2026-09-13,reference_half_soil,1.0.0,0.1.0,subprocess,mass/area-invariance,N/A,INCOMPLETE,not run,,does not report mrro; model timestep PT1H does not cover the probe's PT1D
2026-09-13,reference_half_soil,1.0.0,0.1.0,subprocess,mass/catchment-closure,N/A,INCOMPLETE,not run,,"does not report evspsbl, mrro, mrso, snw, canopy; model timestep PT1H does not cover the probe's PT1D"
2026-09-13,reference_half_soil,1.0.0,0.1.0,subprocess,mass/causality,N/A,INCOMPLETE,not run,,does not report mrro; model timestep PT1H does not cover the probe's PT1D
2026-09-13,reference_half_soil,1.0.0,0.1.0,subprocess,mass/dry-down,N/A,INCOMPLETE,not run,,does not report mrro; model timestep PT1H does not cover the probe's PT1D
2026-09-13,reference_half_soil,1.0.0,0.1.0,subprocess,mass/extreme-event-closure,N/A,INCOMPLETE,not run,,"does not report evspsbl, mrro, mrso, snw, canopy; model timestep PT1H does not cover the probe's PT1D"
2026-09-13,reference_half_soil,1.0.0,0.1.0,subprocess,mass/extreme-rain,N/A,INCOMPLETE,not run,,does not report mrro; model timestep PT1H does not cover the probe's PT1D
2026-09-13,reference_half_soil,1.0.0,0.1.0,subprocess,mass/human-abstraction,N/A,INCOMPLETE,not run,,"does not report evspsbl, mrro, mrso, snw, canopy; model timestep PT1H does not cover the probe's PT1D"
2026-09-13,reference_half_soil,1.0.0,0.1.0,subprocess,mass/phase-counterfactual,N/A,INCOMPLETE,not run,,does not report mrro; model timestep PT1H does not cover the probe's PT1D
2026-09-13,reference_half_soil,1.0.0,0.1.0,subprocess,mass/precipitation-counterfactual,N/A,INCOMPLETE,not run,,"does not report evspsbl, mrro, mrso, snw, canopy; model timestep PT1H does not cover the probe's PT1D"
2026-09-13,reference_half_soil,1.0.0,0.1.0,subprocess,mass/resolution-invariance,N/A,INCOMPLETE,not run,,does not report mrro
2026-09-13,reference_half_soil,1.0.0,0.1.0,subprocess,mass/response-nonnegativity,N/A,INCOMPLETE,not run,,does not report mrro; model timestep PT1H does not cover the probe's PT1D
2026-09-13,reference_half_soil,1.0.0,0.1.0,subprocess,mass/runoff-bounds,N/A,INCOMPLETE,not run,,does not report mrro; model timestep PT1H does not cover the probe's PT1D
2026-09-13,reference_half_soil,1.0.0,0.1.0,subprocess,mass/steady-state,N/A,INCOMPLETE,not run,,does not report mrro; model timestep PT1H does not cover the probe's PT1D
2026-09-13,reference_half_soil,1.0.0,0.1.0,subprocess,mass/time-origin-invariance,N/A,INCOMPLETE,not run,,"does not report evspsbl, mrro, mrso, snw, canopy; model timestep PT1H does not cover the probe's PT1D"
2026-09-13,reference_half_soil,1.0.0,0.1.0,subprocess,mass/warming-response,N/A,INCOMPLETE,not run,,does not report mrro; model timestep PT1H does not cover the probe's PT1D
2026-09-13,reference_half_soil,1.0.0,0.1.0,subprocess,momentum/routing-conservation,N/A,INCOMPLETE,not run,,"does not report mrro, channel; model timestep PT1H does not cover the probe's PT1D"
2026-09-14,reference_bucket,1.0.0,0.1.0,subprocess,mass/ungauged-basin-closure,PASS,OK,full record,1679270760 38739227 545691341 1052643455 1559595569 2066547683 426016150 932968264 1439920378 1946872492 306340959 813293073,closure: cumulative residual 0.0000% of sum_pr (limit 5.0%); state_bounds: all storages stay physical; et_plausible: cumulative ET is 0.980 of potential ET (limit 1); non_degenerate: partition and variability are non-trivial; forcing_fidelity: reported forcing matches the input
2026-09-14,flex_lumped,1.0.0,0.1.0,subprocess,mass/ungauged-basin-closure,PASS,OK,full record,1679270760 38739227 545691341 1052643455 1559595569 2066547683 426016150 932968264 1439920378 1946872492 306340959 813293073,closure: cumulative residual 0.0000% of sum_pr (limit 5.0%); state_bounds: all storages stay physical; et_plausible: cumulative ET is 0.969 of potential ET (limit 1); non_degenerate: partition and variability are non-trivial; forcing_fidelity: reported forcing matches the input
2026-09-14,flex_topo,1.0.0,0.1.0,subprocess,mass/ungauged-basin-closure,PASS,OK,full record,1679270760 38739227 545691341 1052643455 1559595569 2066547683 426016150 932968264 1439920378 1946872492 306340959 813293073,closure: cumulative residual 0.0000% of sum_pr (limit 5.0%); state_bounds: all storages stay physical; et_plausible: cumulative ET is 0.866 of potential ET (limit 1); non_degenerate: partition and variability are non-trivial; forcing_fidelity: reported forcing matches the input
2026-09-14,sacsma_snow17,1.0.0,0.1.0,subprocess,mass/ungauged-basin-closure,PASS,OK,full record,1679270760 38739227 545691341 1052643455 1559595569 2066547683 426016150 932968264 1439920378 1946872492 306340959 813293073,closure: cumulative residual 0.0000% of sum_pr (limit 5.0%); state_bounds: all storages stay physical; et_plausible: cumulative ET is 0.972 of potential ET (limit 1); non_degenerate: partition and variability are non-trivial; forcing_fidelity: reported forcing matches the input
2026-09-14,google_flood_forecast,0.1.0-828dfc5,0.1.0,docker,mass/ungauged-basin-closure,N/A,INCOMPLETE,not run,,"does not report pr, evspsbl, mrso, snw, canopy"
2026-09-14,wflow_sbm,1.0.4-ht.4,0.1.0,docker,mass/ungauged-basin-closure,PASS,OK,full record,1679270760 38739227 545691341 1052643455 1559595569 2066547683 426016150 932968264 1439920378 1946872492 306340959 813293073,closure: cumulative residual 0.0422% of sum_pr (limit 5.0%); state_bounds: all storages stay physical; et_plausible: cumulative ET is 0.902 of potential ET (limit 1); non_degenerate: partition and variability are non-trivial; forcing_fidelity: reported forcing matches the input
2026-09-14,summa,4.0.0-f787fa5.4,0.1.0,docker,mass/ungauged-basin-closure,FAIL,VIOLATION,full record,1679270760 38739227 545691341 1052643455 1559595569 2066547683 426016150 932968264 1439920378 1946872492 306340959 813293073,"state_bounds: canopy leaves [0, 0.704674] on 17 steps (range 0.00919 to 0.737); et_plausible: cumulative ET is 1.506 of potential ET (limit 1); non_degenerate: runoff ratio 0.0044 outside [0.02, 0.98]"
2026-09-14,cwatm,1.11-5baaadd.4,0.1.0,docker,mass/ungauged-basin-closure,PASS,OK,full record,1679270760 38739227 545691341 1052643455 1559595569 2066547683 426016150 932968264 1439920378 1946872492 306340959 813293073,closure: cumulative residual 0.0978% of sum_pr (limit 5.0%); state_bounds: all storages stay physical; et_plausible: cumulative ET is 0.681 of potential ET (limit 1); non_degenerate: partition and variability are non-trivial; forcing_fidelity: reported forcing matches the input
2026-09-14,lisflood,5.0.0-onecell.5,0.1.0,docker,mass/ungauged-basin-closure,PASS,OK,3650-day flood event,1679270760 38739227 545691341 1052643455 1559595569 2066547683 426016150 932968264 1439920378 1946872492 306340959 813293073,closure: cumulative residual 0.0000% of sum_pr (limit 5.0%); state_bounds: all storages stay physical; et_plausible: cumulative ET is 0.859 of potential ET (limit 1); non_degenerate: partition and variability are non-trivial; forcing_fidelity: reported forcing matches the input
2026-09-14,dhbv2,0.5.4-hbv2ep100.3,0.1.0,docker,mass/ungauged-basin-closure,FAIL,VIOLATION,full record,1679270760 38739227 545691341 1052643455 1559595569 2066547683 426016150 932968264 1439920378 1946872492 306340959 813293073,"state_bounds: mrso leaves [0, 124.358] on 3650 steps (range 705 to 863)"
2026-09-14,flex_lumped,1.0.0,0.1.0,subprocess,momentum/stage-discharge-monotonic,PASS,OK,full record,204910223 1514562349 667972021,"rating_monotonic: stage rises monotonically with discharge (0.0000 m of deficit over 12 bins, source dis, tolerance 0.1121 m); rating_loop: no loop to read: stage is a function of dis to within 5.09e-04 m, so the rating is single-valued (12 bins); non_degenerate: partition and variability are non-trivial"
2026-09-14,flex_topo,1.0.0,0.1.0,subprocess,momentum/stage-discharge-monotonic,PASS,OK,full record,1507030921 1160476017 357892665,"rating_monotonic: stage rises monotonically with discharge (0.0000 m of deficit over 12 bins, source dis, tolerance 0.2008 m); rating_loop: no loop to read: stage is a function of dis to within 1.79e-03 m, so the rating is single-valued (12 bins); non_degenerate: partition and variability are non-trivial"
2026-09-14,sacsma_snow17,1.0.0,0.1.0,subprocess,momentum/stage-discharge-monotonic,PASS,OK,full record,1887715597 806692427 1233458656,"rating_monotonic: stage rises monotonically with discharge (0.0000 m of deficit over 12 bins, source dis, tolerance 0.1776 m); rating_loop: no loop to read: stage is a function of dis to within 4.22e-04 m, so the rating is single-valued (12 bins); non_degenerate: partition and variability are non-trivial"
2026-09-14,dhbv2,0.5.4-hbv2ep100.3,0.1.0,docker,momentum/routing-lag-consistency,N/A,INCOMPATIBLE,not run,,"model does not declare that it consumes static area_km2, main_channel_length_km, centroid_channel_length_km"
2026-09-14,flex_topo,1.0.0,0.1.0,subprocess,momentum/routing-lag-consistency,N/A,INCOMPATIBLE,not run,,"model does not declare that it consumes static area_km2, main_channel_length_km, centroid_channel_length_km"
2026-09-14,google_flood_forecast,0.1.0-828dfc5,0.1.0,docker,momentum/routing-lag-consistency,N/A,INCOMPATIBLE,not run,,"model does not declare that it consumes static area_km2, main_channel_length_km, centroid_channel_length_km"
2026-09-14,sacsma_snow17,1.0.0,0.1.0,subprocess,momentum/routing-lag-consistency,N/A,INCOMPATIBLE,not run,,"model does not declare that it consumes static area_km2, main_channel_length_km, centroid_channel_length_km"
2026-09-14,cwatm,1.11-5baaadd.4,0.1.0,docker,momentum/routing-lag-consistency,N/A,INCOMPATIBLE,not run,,"model does not declare that it consumes static area_km2, main_channel_length_km, centroid_channel_length_km"
2026-09-14,lisflood,5.0.0-onecell.5,0.1.0,docker,momentum/routing-lag-consistency,N/A,INCOMPATIBLE,not run,,"model does not declare that it consumes static area_km2, main_channel_length_km, centroid_channel_length_km"
2026-09-14,summa,4.0.0-f787fa5.4,0.1.0,docker,momentum/routing-lag-consistency,N/A,INCOMPATIBLE,not run,,"model does not declare that it consumes static area_km2, main_channel_length_km, centroid_channel_length_km"
2026-09-14,wflow_sbm,1.0.4-ht.4,0.1.0,docker,momentum/routing-lag-consistency,N/A,INCOMPATIBLE,not run,,"model does not declare that it consumes static area_km2, main_channel_length_km, centroid_channel_length_km"
2026-09-15,flex_lumped,1.1.0,0.1.0,subprocess,energy/evaporative-partition,N/A,INCOMPLETE,not run,,"does not report hfls, hfss, hfg"
2026-09-15,flex_lumped,1.1.0,0.1.0,subprocess,energy/latent-heat-et-consistency,N/A,INCOMPLETE,not run,,"does not report hfls, hfss, hfg"
2026-09-15,flex_lumped,1.1.0,0.1.0,subprocess,energy/pet-consistency,PASS,OK,full record,770619041 1277571155 1784523269,demand_consistency: evaporation follows demand when the soil is wet (1.00 of potential) and is water-limited when it is dry (0.36); 0.65 of potential over the record
2026-09-15,flex_lumped,1.1.0,0.1.0,subprocess,energy/radiation-consistency,N/A,INCOMPLETE,not run,,"does not report rlus, ts; model does not declare that it consumes forcing rlds; model does not declare that it consumes static eps"
2026-09-15,flex_lumped,1.1.0,0.1.0,subprocess,energy/soil-heat-storage-consistency,N/A,INCOMPLETE,not run,,"does not report hfg, hfg_bottom, tsoil_layer; model does not declare that it consumes forcing rsds, rlds; model does not declare that it consumes static soil_heat_capacity_areal, soil_layer_depth_m, soil_temperature_initial"
2026-09-15,flex_lumped,1.1.0,0.1.0,subprocess,energy/surface-energy-closure,N/A,INCOMPLETE,not run,,"does not report hfls, hfss, hfg"
2026-09-15,flex_lumped,1.1.0,0.1.0,subprocess,mass/antecedent-monotonicity,PASS,OK,full record,1295520324 1802472438 161940905,"antecedent_monotonicity: the wetter catchment runs off 17.9 mm more from the 60 mm storm (0.30 of it), within the 120 mm it had been given"
2026-09-15,flex_lumped,1.1.0,0.1.0,subprocess,mass/area-invariance,PASS,OK,full record,66780378 573732492 1080684606,invariance: the transform leaves the answer unchanged (worst departure 0.000e+00)
2026-09-15,flex_lumped,1.1.0,0.1.0,subprocess,mass/catchment-closure,PASS,OK,full record,598896396 1105848510 1612800624 2119752738 479221205,closure: cumulative residual 0.0000% of sum_pr (limit 5.0%); state_bounds: all storages stay physical; non_degenerate: partition and variability are non-trivial
2026-09-15,flex_lumped,1.1.0,0.1.0,subprocess,mass/causality,PASS,OK,full record,1016628858 1523580972 2030533086,causality: nothing moves before the storm of 2002-02-04 (worst 0.0e+00 relative) and mrro answers it afterwards (+0.749 of the added rain)
2026-09-15,flex_lumped,1.1.0,0.1.0,subprocess,mass/dry-down,PASS,OK,full record,186927550 693879664 1200831778,"dry_down: drains without rain: 13 mm over 730 dry days against a 330 mm bound, and nothing rises"
2026-09-15,flex_lumped,1.1.0,0.1.0,subprocess,mass/extreme-event-closure,PASS,OK,full record,492502526 999454640 1506406754 2013358868 372827335,"event_water_closure: worst event residual 7.19091e-13 mm / 0.00108765 mm allowed (0.0000% of event precipitation; 0/1299 events fail; allowance=max(5.0% of rain, 0.001 mm))"
2026-09-15,flex_lumped,1.1.0,0.1.0,subprocess,mass/extreme-rain,PASS,OK,full record,154098211 661050325 1168002439,monotone_response: mrro rises with the storm on every rung and returns 0.93 of the 997 mm added at the top
2026-09-15,flex_lumped,1.1.0,0.1.0,subprocess,mass/human-abstraction,PASS,OK,full record,1129545695 1636497809 2143449923,"human_abstraction: the prescribed 380 mm of abstr left the budget (evspsbl -254.0 mm, mrro -127.6 mm, storage +1.6 mm); residual 0.00% of it (limit 5.00%)"
2026-09-15,flex_lumped,1.1.0,0.1.0,subprocess,mass/phase-counterfactual,PASS,OK,full record,25625370 532577484 1039529598,phase_invariance: turning snow into rain moves the integrated volumes by at most 0.0% of the rain (mrro)
2026-09-15,flex_lumped,1.1.0,0.1.0,subprocess,mass/precipitation-counterfactual,PASS,OK,full record,872466880 1379418994 1886371108,"counterfactual_response: changes in pr are partitioned (wetter20 (+1737 mm): evspsbl +0.175, mrro +0.805, storage +0.021; wetter10 (+869 mm): evspsbl +0.186, mrro +0.793, storage +0.022; drier20 (-1737 mm): evspsbl +0.238, mrro +0.737, storage +0.025); monotone_response: mrro rises with the storm on every rung and returns 0.78 of the 3268 mm added at the top"
2026-09-15,flex_lumped,1.1.0,0.1.0,subprocess,mass/resolution-invariance,PASS,OK,full record,746687816 1253639930 1760592044,resolution_invariance: integrated volumes agree between PT1H and PT1D (worst mrro 2.454% of pr)
2026-09-15,flex_lumped,1.1.0,0.1.0,subprocess,mass/response-nonnegativity,PASS,OK,full record,699572709 1206524823 1713476937,response_nonnegativity: mrro never falls below the control after the added 120 mm (largest dip -1.9e-05 of it)
2026-09-15,flex_lumped,1.1.0,0.1.0,subprocess,mass/runoff-bounds,PASS,OK,full record,726751959 1233704073 1740656187 100124654 607076768,"runoff_bounds: runoff is 0.45 of the rain, inside [0.12, 1.06] (demand 0.82 of rain, storage 340 mm)"
2026-09-15,flex_lumped,1.1.0,0.1.0,subprocess,mass/steady-state,PASS,OK,full record,1815845244 175313711 682265825,"steady_state: settles: runoff 0.872 mm/day under 2.500 mm/day of rain, nothing varies by more than 0.01% (mrro) in the last 365 days"
2026-09-15,flex_lumped,1.1.0,0.1.0,subprocess,mass/time-origin-invariance,PASS,OK,full record,1264165719 1771117833 130586300,invariance: the transform leaves the answer unchanged (worst departure 0.000e+00)
2026-09-15,flex_lumped,1.1.0,0.1.0,subprocess,mass/ungauged-basin-closure,PASS,OK,full record,1679270760 38739227 545691341 1052643455 1559595569 2066547683 426016150 932968264 1439920378 1946872492 306340959 813293073,closure: cumulative residual 0.0000% of sum_pr (limit 5.0%); state_bounds: all storages stay physical; et_plausible: cumulative ET is 0.969 of potential ET (limit 1); non_degenerate: partition and variability are non-trivial; forcing_fidelity: reported forcing matches the input
2026-09-15,flex_lumped,1.1.0,0.1.0,subprocess,mass/warming-response,PASS,OK,full record,732983943 1239936057 1746888171 106356638 613308752,"response_sign: the response to pet points the right way in both directions (per unit of demand: warmer (+1424 mm of pet): mrro -0.208, evspsbl +0.216; cooler (-1423 mm of pet): mrro -0.265, evspsbl +0.274)"
2026-09-15,flex_lumped,1.1.0,0.1.0,subprocess,momentum/routing-conservation,PASS,OK,full record,417694852 924646966 1431599080,routing_conservation: the channel store stays non-negative and within 0.58 of what a 15-day hydrograph can hold
2026-09-15,flex_lumped,1.1.0,0.1.0,subprocess,momentum/routing-lag-consistency,PASS,OK,full record,169671131 676623245 1183575359,"lag_time_bounds: observed/Snyder lags are plausible (small 0.00/0.63 d, medium 1.00/1.12 d, large 2.00/2.25 d, xlarge 3.00/3.34 d); scaling_monotonicity: rainfall-runoff lag is non-decreasing with catchment area (full span 3.00 d)"
2026-09-15,flex_lumped,1.1.0,0.1.0,subprocess,momentum/stage-discharge-monotonic,PASS,OK,full record,1670932170 30400637 537352751,"rating_monotonic: stage rises monotonically with discharge (0.0000 m of deficit over 12 bins, source dis, tolerance 0.1097 m); rating_loop: no loop to read: stage is a function of dis to within 5.67e-04 m, so the rating is single-valued (12 bins); non_degenerate: partition and variability are non-trivial"
2026-09-15,cwatm,1.11-5baaadd.4,0.1.0,docker,energy/snowmelt-energy-water,N/A,INCOMPLETE,not run,,"does not report hfls, hfss, hfg, lwsnl, csnow; model does not declare that it consumes forcing rn"
2026-09-15,dhbv2,0.5.4-hbv2ep100.3,0.1.0,docker,energy/snowmelt-energy-water,N/A,INCOMPLETE,not run,,"does not report sbl, hfls, hfss, hfg, lwsnl, csnow; model does not declare that it consumes forcing rn"
2026-09-15,flex_lumped,1.1.0,0.1.0,subprocess,energy/snowmelt-energy-water,N/A,INCOMPLETE,not run,,"does not report sbl, hfls, hfss, hfg, lwsnl, csnow; model does not declare that it consumes forcing rn"
2026-09-15,flex_topo,1.0.0,0.1.0,subprocess,energy/snowmelt-energy-water,N/A,INCOMPLETE,not run,,"does not report sbl, hfls, hfss, hfg, lwsnl, csnow; model does not declare that it consumes forcing rn"
2026-09-15,google_flood_forecast,0.1.0-828dfc5,0.1.0,docker,energy/snowmelt-energy-water,N/A,INCOMPLETE,not run,,"does not report pr, evspsbl, sbl, hfls, hfss, hfg, mrso, snw, canopy, lwsnl, csnow; model does not declare that it consumes forcing rn"
2026-09-15,lisflood,5.0.0-onecell.5,0.1.0,docker,energy/snowmelt-energy-water,N/A,INCOMPLETE,not run,,"does not report sbl, hfls, hfss, hfg, lwsnl, csnow; model does not declare that it consumes forcing rn"
2026-09-15,sacsma_snow17,1.0.0,0.1.0,subprocess,energy/snowmelt-energy-water,N/A,INCOMPLETE,not run,,"does not report sbl, hfls, hfss, hfg, lwsnl, csnow; model does not declare that it consumes forcing rn"
2026-09-15,summa,4.0.0-f787fa5.4,0.1.0,docker,energy/snowmelt-energy-water,N/A,INCOMPLETE,not run,,"does not report sbl, lwsnl, csnow; model does not declare that it consumes forcing rn"
2026-09-15,wflow_sbm,1.0.4-ht.4,0.1.0,docker,energy/snowmelt-energy-water,N/A,INCOMPLETE,not run,,"does not report sbl, hfls, hfss, hfg, lwsnl, csnow; model does not declare that it consumes forcing rn"
2026-09-15,reference_bucket,1.0.0,0.1.0,subprocess,mass/multi-decadal-drift,PASS,OK,full record,1349990263 1856942377 216410844 723362958 1230315072,"state_bounds: all storages stay physical; total_storage_drift: total reported storage changes 0 mm over final 1825-day block (allowance 0.657177 mm, 2.0e-04 of block precipitation + 1e-06 mm)"
2026-09-15,flex_lumped,1.0.0,0.1.0,subprocess,mass/multi-decadal-drift,PASS,OK,full record,1349990263 1856942377 216410844 723362958 1230315072,"state_bounds: all storages stay physical; total_storage_drift: total reported storage changes -6.18456e-11 mm over final 1825-day block (allowance 0.656622 mm, 2.0e-04 of block precipitation + 1e-06 mm)"
2026-09-15,flex_topo,1.0.0,0.1.0,subprocess,mass/multi-decadal-drift,PASS,OK,full record,1349990263 1856942377 216410844 723362958 1230315072,"state_bounds: all storages stay physical; total_storage_drift: total reported storage changes -1.16415e-10 mm over final 1825-day block (allowance 0.662765 mm, 2.0e-04 of block precipitation + 1e-06 mm)"
2026-09-15,sacsma_snow17,1.0.0,0.1.0,subprocess,mass/multi-decadal-drift,PASS,OK,full record,1349990263 1856942377 216410844 723362958 1230315072,"state_bounds: all storages stay physical; total_storage_drift: total reported storage changes -3.45608e-11 mm over final 1825-day block (allowance 0.656622 mm, 2.0e-04 of block precipitation + 1e-06 mm)"
2026-09-15,google_flood_forecast,0.1.0-828dfc5,0.1.0,docker,mass/multi-decadal-drift,N/A,INCOMPLETE,not run,,"does not report pr, evspsbl, mrso, snw, canopy"
2026-09-15,wflow_sbm,1.0.4-ht.4,0.1.0,docker,mass/multi-decadal-drift,PASS,OK,full record,1349990263 1856942377 216410844 723362958 1230315072,"state_bounds: all storages stay physical; total_storage_drift: total reported storage changes 0 mm over final 1825-day block (allowance 0.657177 mm, 2.0e-04 of block precipitation + 1e-06 mm)"
2026-09-15,summa,4.0.0-f787fa5.4,0.1.0,docker,mass/multi-decadal-drift,FAIL,VIOLATION,full record,1349990263 1856942377 216410844 723362958 1230315072,"et_plausible: evapotranspiration goes negative (min -0.01779 mm/day); non_degenerate: runoff ratio 0.0000 outside [0.02, 0.98]; runoff barely responds to precipitation (r -0.015 < 0.05)"
2026-09-15,cwatm,1.11-5baaadd.4,0.1.0,docker,mass/multi-decadal-drift,PASS,OK,full record,1349990263 1856942377 216410844 723362958 1230315072,"state_bounds: all storages stay physical; total_storage_drift: total reported storage changes 5.68434e-14 mm over final 1825-day block (allowance 0.657177 mm, 2.0e-04 of block precipitation + 1e-06 mm)"
2026-09-15,lisflood,5.0.0-onecell.5,0.1.0,docker,mass/multi-decadal-drift,PASS,OK,18250-day flood event,1349990263 1856942377 216410844 723362958 1230315072,"state_bounds: all storages stay physical; total_storage_drift: total reported storage changes 1.23833e-06 mm over final 1825-day block (allowance 0.657615 mm, 2.0e-04 of block precipitation + 1e-06 mm)"
2026-09-15,dhbv2,0.5.4-hbv2ep100.3,0.1.0,docker,mass/multi-decadal-drift,FAIL,VIOLATION,full record,1349990263 1856942377 216410844 723362958 1230315072,"state_bounds: mrso leaves [0, 320] on 18250 steps (range 488 to 501)"
2026-09-16,flex_lumped,1.1.0,0.1.0,subprocess,mass/multi-decadal-drift,PASS,OK,full record,1349990263 1856942377 216410844 723362958 1230315072,"state_bounds: all storages stay physical; total_storage_drift: total reported storage changes -6.18456e-11 mm over final 1825-day block (allowance 0.656622 mm, 2.0e-04 of block precipitation + 1e-06 mm)"
2026-09-18,flex_lumped,1.1.0,0.1.0,subprocess,mass/exchange-response,N/A,INCOMPATIBLE,not run,,model does not declare that it consumes forcing gwh
2026-09-18,flex_topo,1.0.0,0.1.0,subprocess,mass/exchange-response,N/A,INCOMPATIBLE,not run,,model does not declare that it consumes forcing gwh
2026-09-18,sacsma_snow17,1.0.0,0.1.0,subprocess,mass/exchange-response,N/A,INCOMPATIBLE,not run,,model does not declare that it consumes forcing gwh
2026-09-18,google_flood_forecast,0.1.0-828dfc5,0.1.0,docker,mass/exchange-response,N/A,INCOMPLETE,not run,,"does not report pr, evspsbl, gwex, mrso, snw, canopy; model does not declare that it consumes forcing gwh"
2026-09-18,summa,4.0.0-f787fa5.4,0.1.0,docker,mass/exchange-response,N/A,INCOMPLETE,not run,,does not report gwex; model does not declare that it consumes forcing gwh
2026-09-18,dhbv2,0.5.4-hbv2ep100.3,0.1.0,docker,mass/exchange-response,N/A,INCOMPATIBLE,not run,,model does not declare that it consumes forcing gwh
2026-09-18,wflow_sbm,1.0.4-ht.4,0.1.0,docker,mass/exchange-response,N/A,INCOMPATIBLE,not run,,model does not declare that it consumes forcing gwh
2026-09-18,cwatm,1.11-5baaadd.4,0.1.0,docker,mass/exchange-response,N/A,INCOMPATIBLE,not run,,model does not declare that it consumes forcing gwh
2026-09-18,lisflood,5.0.0-onecell.5,0.1.0,docker,mass/exchange-response,N/A,INCOMPATIBLE,not run,,model does not declare that it consumes forcing gwh
2026-09-14,cwatm,1.11-5baaadd.4,0.1.0,docker,mass/gw-sw-exchange-consistency,N/A,INCOMPLETE,not run,,"does not report gw_sw_exchange, gw_to_sw, sw_to_gw; model does not declare that it consumes forcing gw_recharge, sw_stage_m; model does not declare that it consumes static area_km2, aquifer_specific_yield, aquifer_storage_coefficient, river_conductance_m2_per_day, river_bottom_offset_m"
2026-09-14,dhbv2,0.5.4-hbv2ep100.3,0.1.0,docker,mass/gw-sw-exchange-consistency,N/A,INCOMPLETE,not run,,"does not report gw_sw_exchange, gw_to_sw, sw_to_gw; model does not declare that it consumes forcing gw_recharge, sw_stage_m; model does not declare that it consumes static area_km2, aquifer_specific_yield, aquifer_storage_coefficient, river_conductance_m2_per_day, river_bottom_offset_m"
2026-09-14,google_flood_forecast,0.1.0-828dfc5,0.1.0,docker,mass/gw-sw-exchange-consistency,N/A,INCOMPLETE,not run,,"does not report gw_sw_exchange, gw_to_sw, sw_to_gw, gw; model does not declare that it consumes forcing gw_recharge, sw_stage_m; model does not declare that it consumes static area_km2, aquifer_specific_yield, aquifer_storage_coefficient, river_conductance_m2_per_day, river_bottom_offset_m"
2026-09-14,lisflood,5.0.0-onecell.5,0.1.0,docker,mass/gw-sw-exchange-consistency,N/A,INCOMPLETE,not run,,"does not report gw_sw_exchange, gw_to_sw, sw_to_gw; model does not declare that it consumes forcing gw_recharge, sw_stage_m; model does not declare that it consumes static area_km2, aquifer_specific_yield, aquifer_storage_coefficient, river_conductance_m2_per_day, river_bottom_offset_m"
2026-09-14,summa,4.0.0-f787fa5.4,0.1.0,docker,mass/gw-sw-exchange-consistency,N/A,INCOMPLETE,not run,,"does not report gw_sw_exchange, gw_to_sw, sw_to_gw; model does not declare that it consumes forcing gw_recharge, sw_stage_m; model does not declare that it consumes static area_km2, aquifer_specific_yield, aquifer_storage_coefficient, river_conductance_m2_per_day, river_bottom_offset_m"
2026-09-14,wflow_sbm,1.0.4-ht.4,0.1.0,docker,mass/gw-sw-exchange-consistency,N/A,INCOMPLETE,not run,,"does not report gw_sw_exchange, gw_to_sw, sw_to_gw, gw; model does not declare that it consumes forcing gw_recharge, sw_stage_m; model does not declare that it consumes static area_km2, aquifer_specific_yield, aquifer_storage_coefficient, river_conductance_m2_per_day, river_bottom_offset_m"
2026-09-14,reference_exchange_exact,0.1.0,0.1.0,subprocess,energy/evaporative-partition,N/A,INCOMPLETE,not run,,"does not report pr, evspsbl, mrro, hfls, hfss, hfg, mrso, snw, canopy; model does not declare support for paired perturbation cases"
2026-09-14,reference_exchange_exact,0.1.0,0.1.0,subprocess,energy/latent-heat-et-consistency,N/A,INCOMPLETE,not run,,"does not report pr, evspsbl, mrro, hfls, hfss, hfg, mrso, snw, canopy"
2026-09-14,reference_exchange_exact,0.1.0,0.1.0,subprocess,energy/pet-consistency,N/A,INCOMPLETE,not run,,"does not report evspsbl, mrro, mrso"
2026-09-14,reference_exchange_exact,0.1.0,0.1.0,subprocess,energy/radiation-consistency,N/A,INCOMPLETE,not run,,"does not report rlus, ts; model timestep PT1D does not cover the probe's PT1H; model does not declare that it consumes forcing rlds; model does not declare that it consumes static eps"
2026-09-14,reference_exchange_exact,0.1.0,0.1.0,subprocess,energy/soil-heat-storage-consistency,N/A,INCOMPLETE,not run,,"does not report hfg, hfg_bottom, tsoil_layer; model timestep PT1D does not cover the probe's PT1H; model does not declare that it consumes forcing pr, tas, rsds, rlds; model does not declare that it consumes static soil_heat_capacity_areal, soil_layer_depth_m, soil_temperature_initial"
2026-09-14,reference_exchange_exact,0.1.0,0.1.0,subprocess,energy/surface-energy-closure,N/A,INCOMPLETE,not run,,"does not report hfls, hfss, hfg; model timestep PT1D does not cover the probe's PT1H"
2026-09-14,reference_exchange_exact,0.1.0,0.1.0,subprocess,mass/antecedent-monotonicity,N/A,INCOMPLETE,not run,,does not report mrro; model does not declare support for paired perturbation cases
2026-09-14,reference_exchange_exact,0.1.0,0.1.0,subprocess,mass/area-invariance,N/A,INCOMPLETE,not run,,does not report mrro; model does not declare support for paired perturbation cases
2026-09-14,reference_exchange_exact,0.1.0,0.1.0,subprocess,mass/catchment-closure,N/A,INCOMPLETE,not run,,"does not report pr, evspsbl, mrro, mrso, snw, canopy"
2026-09-14,reference_exchange_exact,0.1.0,0.1.0,subprocess,mass/causality,N/A,INCOMPLETE,not run,,does not report mrro; model does not declare support for paired perturbation cases
2026-09-14,reference_exchange_exact,0.1.0,0.1.0,subprocess,mass/dry-down,N/A,INCOMPLETE,not run,,does not report mrro
2026-09-14,reference_exchange_exact,0.1.0,0.1.0,subprocess,mass/extreme-event-closure,N/A,INCOMPLETE,not run,,"does not report pr, evspsbl, mrro, mrso, snw, canopy"
2026-09-14,reference_exchange_exact,0.1.0,0.1.0,subprocess,mass/extreme-rain,N/A,INCOMPLETE,not run,,does not report mrro; model does not declare support for paired perturbation cases
2026-09-14,reference_exchange_exact,0.1.0,0.1.0,subprocess,mass/gw-sw-exchange-consistency,PASS,OK,full record,479803588 986755702 1493707816 2000659930 360128397,exchange_components: directional exchange components sum to gw_sw_exchange
2026-09-14,reference_exchange_exact,0.1.0,0.1.0,subprocess,mass/human-abstraction,N/A,INCOMPLETE,not run,,"does not report pr, evspsbl, mrro, mrso, snw, canopy; model does not declare support for paired perturbation cases"
2026-09-14,reference_exchange_exact,0.1.0,0.1.0,subprocess,mass/phase-counterfactual,N/A,INCOMPLETE,not run,,does not report mrro; model does not declare support for paired perturbation cases
2026-09-14,reference_exchange_exact,0.1.0,0.1.0,subprocess,mass/precipitation-counterfactual,N/A,INCOMPLETE,not run,,"does not report pr, evspsbl, mrro, mrso, snw, canopy; model does not declare support for paired perturbation cases"
2026-09-14,reference_exchange_exact,0.1.0,0.1.0,subprocess,mass/resolution-invariance,N/A,INCOMPLETE,not run,,does not report mrro; model does not declare support for paired perturbation cases
2026-09-14,reference_exchange_exact,0.1.0,0.1.0,subprocess,mass/response-nonnegativity,N/A,INCOMPLETE,not run,,does not report mrro; model does not declare support for paired perturbation cases
2026-09-14,reference_exchange_exact,0.1.0,0.1.0,subprocess,mass/runoff-bounds,N/A,INCOMPLETE,not run,,does not report mrro
2026-09-14,reference_exchange_exact,0.1.0,0.1.0,subprocess,mass/steady-state,N/A,INCOMPLETE,not run,,does not report mrro
2026-09-14,reference_exchange_exact,0.1.0,0.1.0,subprocess,mass/time-origin-invariance,N/A,INCOMPLETE,not run,,"does not report pr, evspsbl, mrro, mrso, snw, canopy; model does not declare support for paired perturbation cases"
2026-09-14,reference_exchange_exact,0.1.0,0.1.0,subprocess,mass/warming-response,N/A,INCOMPLETE,not run,,does not report mrro; model does not declare support for paired perturbation cases
2026-09-14,reference_exchange_exact,0.1.0,0.1.0,subprocess,momentum/routing-conservation,N/A,INCOMPLETE,not run,,"does not report mrro, channel"
2026-09-14,reference_exchange_sign_error,0.1.0,0.1.0,subprocess,energy/evaporative-partition,N/A,INCOMPLETE,not run,,"does not report pr, evspsbl, mrro, hfls, hfss, hfg, mrso, snw, canopy; model does not declare support for paired perturbation cases"
2026-09-14,reference_exchange_sign_error,0.1.0,0.1.0,subprocess,energy/latent-heat-et-consistency,N/A,INCOMPLETE,not run,,"does not report pr, evspsbl, mrro, hfls, hfss, hfg, mrso, snw, canopy"
2026-09-14,reference_exchange_sign_error,0.1.0,0.1.0,subprocess,energy/pet-consistency,N/A,INCOMPLETE,not run,,"does not report evspsbl, mrro, mrso"
2026-09-14,reference_exchange_sign_error,0.1.0,0.1.0,subprocess,energy/radiation-consistency,N/A,INCOMPLETE,not run,,"does not report rlus, ts; model timestep PT1D does not cover the probe's PT1H; model does not declare that it consumes forcing rlds; model does not declare that it consumes static eps"
2026-09-14,reference_exchange_sign_error,0.1.0,0.1.0,subprocess,energy/soil-heat-storage-consistency,N/A,INCOMPLETE,not run,,"does not report hfg, hfg_bottom, tsoil_layer; model timestep PT1D does not cover the probe's PT1H; model does not declare that it consumes forcing pr, tas, rsds, rlds; model does not declare that it consumes static soil_heat_capacity_areal, soil_layer_depth_m, soil_temperature_initial"
2026-09-14,reference_exchange_sign_error,0.1.0,0.1.0,subprocess,energy/surface-energy-closure,N/A,INCOMPLETE,not run,,"does not report hfls, hfss, hfg; model timestep PT1D does not cover the probe's PT1H"
2026-09-14,reference_exchange_sign_error,0.1.0,0.1.0,subprocess,mass/antecedent-monotonicity,N/A,INCOMPLETE,not run,,does not report mrro; model does not declare support for paired perturbation cases
2026-09-14,reference_exchange_sign_error,0.1.0,0.1.0,subprocess,mass/area-invariance,N/A,INCOMPLETE,not run,,does not report mrro; model does not declare support for paired perturbation cases
2026-09-14,reference_exchange_sign_error,0.1.0,0.1.0,subprocess,mass/catchment-closure,N/A,INCOMPLETE,not run,,"does not report pr, evspsbl, mrro, mrso, snw, canopy"
2026-09-14,reference_exchange_sign_error,0.1.0,0.1.0,subprocess,mass/causality,N/A,INCOMPLETE,not run,,does not report mrro; model does not declare support for paired perturbation cases
2026-09-14,reference_exchange_sign_error,0.1.0,0.1.0,subprocess,mass/dry-down,N/A,INCOMPLETE,not run,,does not report mrro
2026-09-14,reference_exchange_sign_error,0.1.0,0.1.0,subprocess,mass/extreme-event-closure,N/A,INCOMPLETE,not run,,"does not report pr, evspsbl, mrro, mrso, snw, canopy"
2026-09-14,reference_exchange_sign_error,0.1.0,0.1.0,subprocess,mass/extreme-rain,N/A,INCOMPLETE,not run,,does not report mrro; model does not declare support for paired perturbation cases
2026-09-14,reference_exchange_sign_error,0.1.0,0.1.0,subprocess,mass/human-abstraction,N/A,INCOMPLETE,not run,,"does not report pr, evspsbl, mrro, mrso, snw, canopy; model does not declare support for paired perturbation cases"
2026-09-14,reference_exchange_sign_error,0.1.0,0.1.0,subprocess,mass/phase-counterfactual,N/A,INCOMPLETE,not run,,does not report mrro; model does not declare support for paired perturbation cases
2026-09-14,reference_exchange_sign_error,0.1.0,0.1.0,subprocess,mass/precipitation-counterfactual,N/A,INCOMPLETE,not run,,"does not report pr, evspsbl, mrro, mrso, snw, canopy; model does not declare support for paired perturbation cases"
2026-09-14,reference_exchange_sign_error,0.1.0,0.1.0,subprocess,mass/resolution-invariance,N/A,INCOMPLETE,not run,,does not report mrro; model does not declare support for paired perturbation cases
2026-09-14,reference_exchange_sign_error,0.1.0,0.1.0,subprocess,mass/response-nonnegativity,N/A,INCOMPLETE,not run,,does not report mrro; model does not declare support for paired perturbation cases
2026-09-14,reference_exchange_sign_error,0.1.0,0.1.0,subprocess,mass/runoff-bounds,N/A,INCOMPLETE,not run,,does not report mrro
2026-09-14,reference_exchange_sign_error,0.1.0,0.1.0,subprocess,mass/steady-state,N/A,INCOMPLETE,not run,,does not report mrro
2026-09-14,reference_exchange_sign_error,0.1.0,0.1.0,subprocess,mass/time-origin-invariance,N/A,INCOMPLETE,not run,,"does not report pr, evspsbl, mrro, mrso, snw, canopy; model does not declare support for paired perturbation cases"
2026-09-14,reference_exchange_sign_error,0.1.0,0.1.0,subprocess,mass/warming-response,N/A,INCOMPLETE,not run,,does not report mrro; model does not declare support for paired perturbation cases
2026-09-14,reference_exchange_sign_error,0.1.0,0.1.0,subprocess,momentum/routing-conservation,N/A,INCOMPLETE,not run,,"does not report mrro, channel"
2026-09-14,flex_lumped,1.0.0,0.1.0,subprocess,mass/gw-sw-exchange-consistency,N/A,INCOMPLETE,not run,,"does not report gw_sw_exchange, gw_to_sw, sw_to_gw; model does not declare that it consumes forcing gw_recharge, sw_stage_m; model does not declare that it consumes static area_km2, aquifer_specific_yield, aquifer_storage_coefficient, river_conductance_m2_per_day, river_bottom_offset_m"
2026-09-14,flex_topo,1.0.0,0.1.0,subprocess,mass/gw-sw-exchange-consistency,N/A,INCOMPLETE,not run,,"does not report gw_sw_exchange, gw_to_sw, sw_to_gw; model does not declare that it consumes forcing gw_recharge, sw_stage_m; model does not declare that it consumes static area_km2, aquifer_specific_yield, aquifer_storage_coefficient, river_conductance_m2_per_day, river_bottom_offset_m"
2026-09-14,sacsma_snow17,1.0.0,0.1.0,subprocess,mass/gw-sw-exchange-consistency,N/A,INCOMPLETE,not run,,"does not report gw_sw_exchange, gw_to_sw, sw_to_gw; model does not declare that it consumes forcing gw_recharge, sw_stage_m; model does not declare that it consumes static area_km2, aquifer_specific_yield, aquifer_storage_coefficient, river_conductance_m2_per_day, river_bottom_offset_m"
2026-09-14,modflow6,6.7.0-adapter.1,0.1.0,docker,energy/evaporative-partition,N/A,INCOMPLETE,not run,,"does not report pr, evspsbl, mrro, hfls, hfss, hfg, mrso, snw, canopy; model does not declare support for paired perturbation cases"
2026-09-14,modflow6,6.7.0-adapter.1,0.1.0,docker,energy/latent-heat-et-consistency,N/A,INCOMPLETE,not run,,"does not report pr, evspsbl, mrro, hfls, hfss, hfg, mrso, snw, canopy"
2026-09-14,modflow6,6.7.0-adapter.1,0.1.0,docker,energy/pet-consistency,N/A,INCOMPLETE,not run,,"does not report evspsbl, mrro, mrso"
2026-09-14,modflow6,6.7.0-adapter.1,0.1.0,docker,energy/radiation-consistency,N/A,INCOMPLETE,not run,,"does not report rlus, ts; model timestep PT1D does not cover the probe's PT1H; model does not declare that it consumes forcing rlds; model does not declare that it consumes static eps"
2026-09-14,modflow6,6.7.0-adapter.1,0.1.0,docker,energy/soil-heat-storage-consistency,N/A,INCOMPLETE,not run,,"does not report hfg, hfg_bottom, tsoil_layer; model timestep PT1D does not cover the probe's PT1H; model does not declare that it consumes forcing pr, tas, rsds, rlds; model does not declare that it consumes static soil_heat_capacity_areal, soil_layer_depth_m, soil_temperature_initial"
2026-09-14,modflow6,6.7.0-adapter.1,0.1.0,docker,energy/surface-energy-closure,N/A,INCOMPLETE,not run,,"does not report hfls, hfss, hfg; model timestep PT1D does not cover the probe's PT1H"
2026-09-14,modflow6,6.7.0-adapter.1,0.1.0,docker,mass/antecedent-monotonicity,N/A,INCOMPLETE,not run,,does not report mrro; model does not declare support for paired perturbation cases
2026-09-14,modflow6,6.7.0-adapter.1,0.1.0,docker,mass/area-invariance,N/A,INCOMPLETE,not run,,does not report mrro; model does not declare support for paired perturbation cases
2026-09-14,modflow6,6.7.0-adapter.1,0.1.0,docker,mass/catchment-closure,N/A,INCOMPLETE,not run,,"does not report pr, evspsbl, mrro, mrso, snw, canopy"
2026-09-14,modflow6,6.7.0-adapter.1,0.1.0,docker,mass/causality,N/A,INCOMPLETE,not run,,does not report mrro; model does not declare support for paired perturbation cases
2026-09-14,modflow6,6.7.0-adapter.1,0.1.0,docker,mass/dry-down,N/A,INCOMPLETE,not run,,does not report mrro
2026-09-14,modflow6,6.7.0-adapter.1,0.1.0,docker,mass/extreme-event-closure,N/A,INCOMPLETE,not run,,"does not report pr, evspsbl, mrro, mrso, snw, canopy"
2026-09-14,modflow6,6.7.0-adapter.1,0.1.0,docker,mass/extreme-rain,N/A,INCOMPLETE,not run,,does not report mrro; model does not declare support for paired perturbation cases
2026-09-14,modflow6,6.7.0-adapter.1,0.1.0,docker,mass/gw-sw-exchange-consistency,PASS,OK,full record,479803588 986755702 1493707816 2000659930 360128397,exchange_components: directional exchange components sum to gw_sw_exchange
2026-09-14,modflow6,6.7.0-adapter.1,0.1.0,docker,mass/human-abstraction,N/A,INCOMPLETE,not run,,"does not report pr, evspsbl, mrro, mrso, snw, canopy; model does not declare support for paired perturbation cases"
2026-09-14,modflow6,6.7.0-adapter.1,0.1.0,docker,mass/phase-counterfactual,N/A,INCOMPLETE,not run,,does not report mrro; model does not declare support for paired perturbation cases
2026-09-14,modflow6,6.7.0-adapter.1,0.1.0,docker,mass/precipitation-counterfactual,N/A,INCOMPLETE,not run,,"does not report pr, evspsbl, mrro, mrso, snw, canopy; model does not declare support for paired perturbation cases"
2026-09-14,modflow6,6.7.0-adapter.1,0.1.0,docker,mass/resolution-invariance,N/A,INCOMPLETE,not run,,does not report mrro; model does not declare support for paired perturbation cases
2026-09-14,modflow6,6.7.0-adapter.1,0.1.0,docker,mass/response-nonnegativity,N/A,INCOMPLETE,not run,,does not report mrro; model does not declare support for paired perturbation cases
2026-09-14,modflow6,6.7.0-adapter.1,0.1.0,docker,mass/runoff-bounds,N/A,INCOMPLETE,not run,,does not report mrro
2026-09-14,modflow6,6.7.0-adapter.1,0.1.0,docker,mass/steady-state,N/A,INCOMPLETE,not run,,does not report mrro
2026-09-14,modflow6,6.7.0-adapter.1,0.1.0,docker,mass/time-origin-invariance,N/A,INCOMPLETE,not run,,"does not report pr, evspsbl, mrro, mrso, snw, canopy; model does not declare support for paired perturbation cases"
2026-09-14,modflow6,6.7.0-adapter.1,0.1.0,docker,mass/warming-response,N/A,INCOMPLETE,not run,,does not report mrro; model does not declare support for paired perturbation cases
2026-09-14,modflow6,6.7.0-adapter.1,0.1.0,docker,momentum/routing-conservation,N/A,INCOMPLETE,not run,,"does not report mrro, channel"
2026-09-16,modflow6,6.7.0-adapter.1,0.1.0,docker,mass/gw-sw-exchange-consistency (adapter contract),PASS,OK,full record,479803588,"adapter contract OK: 820 rows in 34.8s, columns gw_sw_exchange, gw_to_sw, sw_to_gw, gw"
2026-09-16,modflow6,6.7.0-adapter.1,0.1.0,docker,energy/snowmelt-energy-water,N/A,INCOMPLETE,not run,,"does not report pr, evspsbl, mrro, sbl, hfls, hfss, hfg, mrso, snw, canopy, lwsnl, csnow; model does not declare that it consumes forcing pr, rn"
2026-09-16,modflow6,6.7.0-adapter.1,0.1.0,docker,mass/multi-decadal-drift,N/A,INCOMPLETE,not run,,"does not report pr, evspsbl, mrro, mrso, snw, canopy"
2026-09-16,modflow6,6.7.0-adapter.1,0.1.0,docker,mass/ungauged-basin-closure,N/A,INCOMPLETE,not run,,"does not report pr, evspsbl, mrro, mrso, snw, canopy"
2026-09-16,modflow6,6.7.0-adapter.1,0.1.0,docker,momentum/routing-lag-consistency,N/A,INCOMPLETE,not run,,"does not report mrro; model does not declare support for paired perturbation cases; model does not declare that it consumes forcing pr; model does not declare that it consumes static main_channel_length_km, centroid_channel_length_km"
2026-09-16,flex_lumped,1.1.0,0.1.0,subprocess,mass/gw-sw-exchange-consistency,N/A,INCOMPLETE,not run,,"does not report gw_sw_exchange, gw_to_sw, sw_to_gw; model does not declare that it consumes forcing gw_recharge, sw_stage_m; model does not declare that it consumes static aquifer_specific_yield, aquifer_storage_coefficient, river_conductance_m2_per_day, river_bottom_offset_m"
2026-09-17,reference_exchange_sign_error,0.1.0,0.1.0,subprocess,mass/gw-sw-exchange-consistency,FAIL,VIOLATION,full record,479803588 986755702 1493707816 2000659930 360128397,exchange_components: directional exchange is inconsistent with gw_sw_exchange (max residual 0.566845 mm)
2026-09-18,modflow6,6.7.0-adapter.1,0.1.0,docker,mass/exchange-response,N/A,INCOMPLETE,not run,,"does not report pr, evspsbl, mrro, gwex, mrso, snw, canopy; model does not declare support for paired perturbation cases; model does not declare that it consumes forcing gwh"
2026-09-18,cwatm,1.11-5baaadd.4,0.1.0,docker,mass/snowpack-mass-closure,N/A,INCOMPLETE,not run,,does not report snm
2026-09-18,dhbv2,0.5.4-hbv2ep100.3,0.1.0,docker,mass/snowpack-mass-closure,N/A,INCOMPLETE,not run,,does not report snm
2026-09-18,flex_lumped,1.1.0,0.1.0,subprocess,mass/snowpack-mass-closure,N/A,INCOMPLETE,not run,,does not report snm
2026-09-18,flex_topo,1.0.0,0.1.0,subprocess,mass/snowpack-mass-closure,N/A,INCOMPLETE,not run,,does not report snm
2026-09-18,google_flood_forecast,0.1.0-828dfc5,0.1.0,docker,mass/snowpack-mass-closure,N/A,INCOMPLETE,not run,,"does not report snm, snw"
2026-09-18,lisflood,5.0.0-onecell.5,0.1.0,docker,mass/snowpack-mass-closure,N/A,INCOMPLETE,not run,,does not report snm
2026-09-19,sacsma_snow17,1.0.0,0.1.0,subprocess,mass/snowpack-mass-closure,PASS,OK,full record,809506488 1316458602 1823410716 182879183 689831297,closure: cumulative residual 0.0000% of sum_pr (limit 5.0%); snowpack_response: snow accumulation and melt are non-trivial
2026-09-18,summa,4.0.0-f787fa5.4,0.1.0,docker,mass/snowpack-mass-closure,N/A,INCOMPLETE,not run,,does not report snm
2026-09-18,wflow_sbm,1.0.4-ht.4,0.1.0,docker,mass/snowpack-mass-closure,N/A,INCOMPLETE,not run,,does not report snm
2026-09-18,modflow6,6.7.0-adapter.1,0.1.0,docker,mass/snowpack-mass-closure,N/A,INCOMPLETE,not run,,"does not report snm, snw"
2026-09-16,reference_half_soil,1.0.0,0.1.0,subprocess,momentum/routing-conservation,N/A,INCOMPLETE,not run,,"does not report mrro, channel; model timestep PT1H does not cover the probe's PT1D"
2026-09-16,reference_frozen_soil,1.0.0,0.1.0,subprocess,momentum/routing-conservation,N/A,INCOMPLETE,not run,,"does not report mrro, channel; model timestep PT1H does not cover the probe's PT1D"
2026-09-16,reference_soil_heat,1.0.0,0.1.0,subprocess,momentum/routing-conservation,N/A,INCOMPLETE,not run,,"does not report mrro, channel; model timestep PT1H does not cover the probe's PT1D"
2026-09-16,google_flood_forecast,0.1.0-828dfc5,0.1.0,docker,momentum/routing-conservation,N/A,INCOMPLETE,not run,,does not report channel
2026-09-16,reference_bucket,1.0.0,0.1.0,subprocess,momentum/routing-conservation,PASS,OK,full record,417694852 924646966 1431599080,routing_conservation: the channel store stays non-negative and within 0.00 of what a 15-day hydrograph can hold
2026-09-16,flex_lumped,1.1.0,0.1.0,subprocess,momentum/routing-conservation,PASS,OK,full record,417694852 924646966 1431599080,routing_conservation: the channel store stays non-negative and within 0.58 of what a 15-day hydrograph can hold
2026-09-16,flex_topo,1.0.0,0.1.0,subprocess,momentum/routing-conservation,PASS,OK,full record,417694852 924646966 1431599080,routing_conservation: the channel store stays non-negative and within 0.11 of what a 15-day hydrograph can hold
2026-09-16,sacsma_snow17,1.0.0,0.1.0,subprocess,momentum/routing-conservation,PASS,OK,full record,417694852 924646966 1431599080,routing_conservation: the channel store stays non-negative and within 0.16 of what a 15-day hydrograph can hold
2026-09-17,dhbv2,0.5.4-hbv2ep100.3,0.1.0,docker,momentum/routing-conservation,PASS,OK,full record,417694852 924646966 1431599080,routing_conservation: the channel store stays non-negative and within 0.04 of what a 15-day hydrograph can hold
2026-09-17,wflow_sbm,1.0.4-ht.4,0.1.0,docker,momentum/routing-conservation,PASS,OK,full record,417694852 924646966 1431599080,routing_conservation: the channel store stays non-negative and within 0.16 of what a 15-day hydrograph can hold
2026-09-17,cwatm,1.11-5baaadd.4,0.1.0,docker,momentum/routing-conservation,PASS,OK,full record,417694852 924646966 1431599080,routing_conservation: the channel store stays non-negative and within 0.47 of what a 15-day hydrograph can hold
2026-09-17,summa,4.0.0-f787fa5.4,0.1.0,docker,momentum/routing-conservation,PASS,OK,full record,417694852 924646966 1431599080,routing_conservation: the channel store stays non-negative and within 0.01 of what a 15-day hydrograph can hold
2026-09-17,lisflood,5.0.0-onecell.5,0.1.0,docker,momentum/routing-conservation,PASS,OK,1095-day flood event,417694852 924646966 1431599080,routing_conservation: the channel store stays non-negative and within 0.12 of what a 15-day hydrograph can hold
2026-09-18,flex_lumped,1.2.0,0.1.0,subprocess,energy/evaporative-partition,N/A,INCOMPLETE,not run,,"does not report hfls, hfss, hfg"
2026-09-18,flex_lumped,1.2.0,0.1.0,subprocess,energy/latent-heat-et-consistency,N/A,INCOMPLETE,not run,,"does not report hfls, hfss, hfg"
2026-09-18,flex_lumped,1.2.0,0.1.0,subprocess,energy/pet-consistency,PASS,OK,full record,770619041 1277571155 1784523269,demand_consistency: evaporation follows demand when the soil is wet (1.00 of potential) and is water-limited when it is dry (0.36); 0.65 of potential over the record
2026-09-18,flex_lumped,1.2.0,0.1.0,subprocess,energy/radiation-consistency,N/A,INCOMPLETE,not run,,"does not report rlus, ts; model does not declare that it consumes forcing rlds; model does not declare that it consumes static eps"
2026-09-18,flex_lumped,1.2.0,0.1.0,subprocess,energy/snowmelt-energy-water,N/A,INCOMPLETE,not run,,"does not report sbl, hfls, hfss, hfg, lwsnl, csnow; model does not declare that it consumes forcing rn"
2026-09-18,flex_lumped,1.2.0,0.1.0,subprocess,energy/soil-heat-storage-consistency,N/A,INCOMPLETE,not run,,"does not report hfg, hfg_bottom, tsoil_layer; model does not declare that it consumes forcing rsds, rlds; model does not declare that it consumes static soil_heat_capacity_areal, soil_layer_depth_m, soil_temperature_initial"
2026-09-18,flex_lumped,1.2.0,0.1.0,subprocess,energy/surface-energy-closure,N/A,INCOMPLETE,not run,,"does not report hfls, hfss, hfg"
2026-09-18,flex_lumped,1.2.0,0.1.0,subprocess,mass/antecedent-monotonicity,PASS,OK,full record,1295520324 1802472438 161940905,"antecedent_monotonicity: the wetter catchment runs off 17.9 mm more from the 60 mm storm (0.30 of it), within the 120 mm it had been given"
2026-09-18,flex_lumped,1.2.0,0.1.0,subprocess,mass/area-invariance,PASS,OK,full record,66780378 573732492 1080684606,invariance: the transform leaves the answer unchanged (worst departure 0.000e+00)
2026-09-18,flex_lumped,1.2.0,0.1.0,subprocess,mass/catchment-closure,PASS,OK,full record,598896396 1105848510 1612800624 2119752738 479221205,closure: cumulative residual 0.0000% of sum_pr (limit 5.0%); state_bounds: all storages stay physical; non_degenerate: partition and variability are non-trivial
2026-09-18,flex_lumped,1.2.0,0.1.0,subprocess,mass/causality,PASS,OK,full record,1016628858 1523580972 2030533086,causality: nothing moves before the storm of 2002-02-04 (worst 0.0e+00 relative) and mrro answers it afterwards (+0.749 of the added rain)
2026-09-18,flex_lumped,1.2.0,0.1.0,subprocess,mass/dry-down,PASS,OK,full record,186927550 693879664 1200831778,"dry_down: drains without rain: 13 mm over 730 dry days against a 330 mm bound, and nothing rises"
2026-09-18,flex_lumped,1.2.0,0.1.0,subprocess,mass/extreme-event-closure,PASS,OK,full record,492502526 999454640 1506406754 2013358868 372827335,"event_water_closure: worst event residual 7.19091e-13 mm / 0.00108765 mm allowed (0.0000% of event precipitation; 0/1299 events fail; allowance=max(5.0% of rain, 0.001 mm))"
2026-09-18,flex_lumped,1.2.0,0.1.0,subprocess,mass/extreme-rain,PASS,OK,full record,154098211 661050325 1168002439,monotone_response: mrro rises with the storm on every rung and returns 0.93 of the 997 mm added at the top
2026-09-18,flex_lumped,1.2.0,0.1.0,subprocess,mass/gw-sw-exchange-consistency,N/A,INCOMPLETE,not run,,"does not report gw_sw_exchange, gw_to_sw, sw_to_gw; model does not declare that it consumes forcing gw_recharge, sw_stage_m; model does not declare that it consumes static aquifer_specific_yield, aquifer_storage_coefficient, river_conductance_m2_per_day, river_bottom_offset_m"
2026-09-18,flex_lumped,1.2.0,0.1.0,subprocess,mass/human-abstraction,PASS,OK,full record,1129545695 1636497809 2143449923,"human_abstraction: the prescribed 380 mm of abstr left the budget (evspsbl -254.0 mm, mrro -127.6 mm, storage +1.6 mm); residual 0.00% of it (limit 5.00%)"
2026-09-18,flex_lumped,1.2.0,0.1.0,subprocess,mass/multi-decadal-drift,PASS,OK,full record,1349990263 1856942377 216410844 723362958 1230315072,"state_bounds: all storages stay physical; total_storage_drift: total reported storage changes -6.18456e-11 mm over final 1825-day block (allowance 0.656622 mm, 2.0e-04 of block precipitation + 1e-06 mm)"
2026-09-18,flex_lumped,1.2.0,0.1.0,subprocess,mass/phase-counterfactual,PASS,OK,full record,25625370 532577484 1039529598,phase_invariance: turning snow into rain moves the integrated volumes by at most 0.0% of the rain (mrro)
2026-09-18,flex_lumped,1.2.0,0.1.0,subprocess,mass/precipitation-counterfactual,PASS,OK,full record,872466880 1379418994 1886371108,"counterfactual_response: changes in pr are partitioned (wetter20 (+1737 mm): evspsbl +0.175, mrro +0.805, storage +0.021; wetter10 (+869 mm): evspsbl +0.186, mrro +0.793, storage +0.022; drier20 (-1737 mm): evspsbl +0.238, mrro +0.737, storage +0.025); monotone_response: mrro rises with the storm on every rung and returns 0.78 of the 3268 mm added at the top"
2026-09-18,flex_lumped,1.2.0,0.1.0,subprocess,mass/resolution-invariance,PASS,OK,full record,746687816 1253639930 1760592044,resolution_invariance: integrated volumes agree between PT1H and PT1D (worst mrro 2.454% of pr)
2026-09-18,flex_lumped,1.2.0,0.1.0,subprocess,mass/response-nonnegativity,PASS,OK,full record,699572709 1206524823 1713476937,response_nonnegativity: mrro never falls below the control after the added 120 mm (largest dip -1.9e-05 of it)
2026-09-18,flex_lumped,1.2.0,0.1.0,subprocess,mass/runoff-bounds,PASS,OK,full record,726751959 1233704073 1740656187 100124654 607076768,"runoff_bounds: runoff is 0.45 of the rain, inside [0.12, 1.06] (demand 0.82 of rain, storage 340 mm)"
2026-09-18,flex_lumped,1.2.0,0.1.0,subprocess,mass/steady-state,PASS,OK,full record,1815845244 175313711 682265825,"steady_state: settles: runoff 0.872 mm/day under 2.500 mm/day of rain, nothing varies by more than 0.01% (mrro) in the last 365 days"
2026-09-18,flex_lumped,1.2.0,0.1.0,subprocess,mass/time-origin-invariance,PASS,OK,full record,1264165719 1771117833 130586300,invariance: the transform leaves the answer unchanged (worst departure 0.000e+00)
2026-09-18,flex_lumped,1.2.0,0.1.0,subprocess,mass/ungauged-basin-closure,PASS,OK,full record,1679270760 38739227 545691341 1052643455 1559595569 2066547683 426016150 932968264 1439920378 1946872492 306340959 813293073,closure: cumulative residual 0.0000% of sum_pr (limit 5.0%); state_bounds: all storages stay physical; et_plausible: cumulative ET is 0.969 of potential ET (limit 1); non_degenerate: partition and variability are non-trivial; forcing_fidelity: reported forcing matches the input
2026-09-18,flex_lumped,1.2.0,0.1.0,subprocess,mass/warming-response,PASS,OK,full record,732983943 1239936057 1746888171 106356638 613308752,"response_sign: the response to pet points the right way in both directions (per unit of demand: warmer (+1424 mm of pet): mrro -0.208, evspsbl +0.216; cooler (-1423 mm of pet): mrro -0.265, evspsbl +0.274)"
2026-09-18,flex_lumped,1.2.0,0.1.0,subprocess,momentum/routing-conservation,PASS,OK,full record,417694852 924646966 1431599080,routing_conservation: the channel store stays non-negative and within 0.58 of what a 15-day hydrograph can hold
2026-09-18,flex_lumped,1.2.0,0.1.0,subprocess,momentum/routing-lag-consistency,PASS,OK,full record,169671131 676623245 1183575359,"lag_time_bounds: observed/Snyder lags are plausible (small 0.00/0.63 d, medium 1.00/1.12 d, large 2.00/2.25 d, xlarge 3.00/3.34 d); scaling_monotonicity: rainfall-runoff lag is non-decreasing with catchment area (full span 3.00 d)"
2026-09-18,flex_topo,1.1.0,0.1.0,subprocess,energy/evaporative-partition,N/A,INCOMPLETE,not run,,"does not report hfls, hfss, hfg"
2026-09-18,flex_topo,1.1.0,0.1.0,subprocess,energy/latent-heat-et-consistency,N/A,INCOMPLETE,not run,,"does not report hfls, hfss, hfg"
2026-09-18,flex_topo,1.1.0,0.1.0,subprocess,energy/pet-consistency,PASS,OK,full record,770619041 1277571155 1784523269,demand_consistency: evaporation follows demand when the soil is wet (0.87 of potential) and is water-limited when it is dry (0.36); 0.55 of potential over the record
2026-09-18,flex_topo,1.1.0,0.1.0,subprocess,energy/radiation-consistency,N/A,INCOMPLETE,not run,,"does not report rlus, ts; model does not declare that it consumes forcing rlds; model does not declare that it consumes static eps"
2026-09-18,flex_topo,1.1.0,0.1.0,subprocess,energy/snowmelt-energy-water,N/A,INCOMPLETE,not run,,"does not report sbl, hfls, hfss, hfg, lwsnl, csnow; model does not declare that it consumes forcing rn"
2026-09-18,flex_topo,1.1.0,0.1.0,subprocess,energy/soil-heat-storage-consistency,N/A,INCOMPLETE,not run,,"does not report hfg, hfg_bottom, tsoil_layer; model does not declare that it consumes forcing rsds, rlds; model does not declare that it consumes static soil_heat_capacity_areal, soil_layer_depth_m, soil_temperature_initial"
2026-09-18,flex_topo,1.1.0,0.1.0,subprocess,energy/surface-energy-closure,N/A,INCOMPLETE,not run,,"does not report hfls, hfss, hfg"
2026-09-18,flex_topo,1.1.0,0.1.0,subprocess,mass/antecedent-monotonicity,PASS,OK,full record,1295520324 1802472438 161940905,"antecedent_monotonicity: the wetter catchment runs off 8.5 mm more from the 60 mm storm (0.14 of it), within the 120 mm it had been given"
2026-09-18,flex_topo,1.1.0,0.1.0,subprocess,mass/area-invariance,PASS,OK,full record,66780378 573732492 1080684606,invariance: the transform leaves the answer unchanged (worst departure 0.000e+00)
2026-09-18,flex_topo,1.1.0,0.1.0,subprocess,mass/catchment-closure,PASS,OK,full record,598896396 1105848510 1612800624 2119752738 479221205,closure: cumulative residual 0.0000% of sum_pr (limit 5.0%); state_bounds: all storages stay physical; non_degenerate: partition and variability are non-trivial
2026-09-18,flex_topo,1.1.0,0.1.0,subprocess,mass/causality,PASS,OK,full record,1016628858 1523580972 2030533086,causality: nothing moves before the storm of 2002-02-04 (worst 0.0e+00 relative) and mrro answers it afterwards (+0.765 of the added rain)
2026-09-18,flex_topo,1.1.0,0.1.0,subprocess,mass/dry-down,PASS,OK,full record,186927550 693879664 1200831778,"dry_down: drains without rain: 14 mm over 730 dry days against a 337 mm bound, and nothing rises"
2026-09-18,flex_topo,1.1.0,0.1.0,subprocess,mass/extreme-event-closure,PASS,OK,full record,492502526 999454640 1506406754 2013358868 372827335,"event_water_closure: worst event residual 1.34104e-12 mm / 0.001 mm allowed (0.0000% of event precipitation; 0/1245 events fail; allowance=max(5.0% of rain, 0.001 mm))"
2026-09-18,flex_topo,1.1.0,0.1.0,subprocess,mass/extreme-rain,PASS,OK,full record,154098211 661050325 1168002439,monotone_response: mrro rises with the storm on every rung and returns 0.94 of the 997 mm added at the top
2026-09-18,flex_topo,1.1.0,0.1.0,subprocess,mass/gw-sw-exchange-consistency,N/A,INCOMPLETE,not run,,"does not report gw_sw_exchange, gw_to_sw, sw_to_gw; model does not declare that it consumes forcing gw_recharge, sw_stage_m; model does not declare that it consumes static aquifer_specific_yield, aquifer_storage_coefficient, river_conductance_m2_per_day, river_bottom_offset_m"
2026-09-18,flex_topo,1.1.0,0.1.0,subprocess,mass/human-abstraction,PASS,OK,full record,1129545695 1636497809 2143449923,"human_abstraction: the prescribed 380 mm of abstr left the budget (evspsbl -255.0 mm, mrro -124.8 mm, storage -0.2 mm); residual 0.00% of it (limit 5.00%)"
2026-09-18,flex_topo,1.1.0,0.1.0,subprocess,mass/multi-decadal-drift,PASS,OK,full record,1349990263 1856942377 216410844 723362958 1230315072,"state_bounds: all storages stay physical; total_storage_drift: total reported storage changes -1.16415e-10 mm over final 1825-day block (allowance 0.662765 mm, 2.0e-04 of block precipitation + 1e-06 mm)"
2026-09-18,flex_topo,1.1.0,0.1.0,subprocess,mass/phase-counterfactual,PASS,OK,full record,25625370 532577484 1039529598,phase_invariance: turning snow into rain moves the integrated volumes by at most 0.0% of the rain (mrro)
2026-09-18,flex_topo,1.1.0,0.1.0,subprocess,mass/precipitation-counterfactual,PASS,OK,full record,872466880 1379418994 1886371108,"counterfactual_response: changes in pr are partitioned (wetter20 (+1737 mm): evspsbl +0.198, mrro +0.787, storage +0.015; wetter10 (+869 mm): evspsbl +0.210, mrro +0.775, storage +0.016; drier20 (-1737 mm): evspsbl +0.255, mrro +0.728, storage +0.017); monotone_response: mrro rises with the storm on every rung and returns 0.76 of the 3474 mm added at the top"
2026-09-18,flex_topo,1.1.0,0.1.0,subprocess,mass/resolution-invariance,PASS,OK,full record,746687816 1253639930 1760592044,resolution_invariance: integrated volumes agree between PT1H and PT1D (worst mrro 3.380% of pr)
2026-09-18,flex_topo,1.1.0,0.1.0,subprocess,mass/response-nonnegativity,PASS,OK,full record,699572709 1206524823 1713476937,response_nonnegativity: mrro never falls below the control after the added 120 mm (largest dip -1.6e-05 of it)
2026-09-18,flex_topo,1.1.0,0.1.0,subprocess,mass/runoff-bounds,PASS,OK,full record,726751959 1233704073 1740656187 100124654 607076768,"runoff_bounds: runoff is 0.54 of the rain, inside [0.12, 1.06] (demand 0.82 of rain, storage 342 mm)"
2026-09-18,flex_topo,1.1.0,0.1.0,subprocess,mass/steady-state,PASS,OK,full record,1815845244 175313711 682265825,"steady_state: settles: runoff 1.079 mm/day under 2.500 mm/day of rain, nothing varies by more than 0.01% (mrso) in the last 365 days"
2026-09-18,flex_topo,1.1.0,0.1.0,subprocess,mass/time-origin-invariance,PASS,OK,full record,1264165719 1771117833 130586300,invariance: the transform leaves the answer unchanged (worst departure 0.000e+00)
2026-09-18,flex_topo,1.1.0,0.1.0,subprocess,mass/ungauged-basin-closure,PASS,OK,full record,1679270760 38739227 545691341 1052643455 1559595569 2066547683 426016150 932968264 1439920378 1946872492 306340959 813293073,closure: cumulative residual 0.0000% of sum_pr (limit 5.0%); state_bounds: all storages stay physical; et_plausible: cumulative ET is 0.866 of potential ET (limit 1); non_degenerate: partition and variability are non-trivial; forcing_fidelity: reported forcing matches the input
2026-09-18,flex_topo,1.1.0,0.1.0,subprocess,mass/warming-response,PASS,OK,full record,732983943 1239936057 1746888171 106356638 613308752,"response_sign: the response to pet points the right way in both directions (per unit of demand: warmer (+1423 mm of pet): mrro -0.184, evspsbl +0.192; cooler (-1423 mm of pet): mrro -0.222, evspsbl +0.231)"
2026-09-18,flex_topo,1.1.0,0.1.0,subprocess,momentum/routing-conservation,PASS,OK,full record,417694852 924646966 1431599080,routing_conservation: the channel store stays non-negative and within 0.11 of what a 15-day hydrograph can hold
2026-09-18,flex_topo,1.1.0,0.1.0,subprocess,momentum/routing-lag-consistency,N/A,INCOMPATIBLE,not run,,"model does not declare that it consumes static main_channel_length_km, centroid_channel_length_km"
2026-09-18,sacsma_snow17,1.1.0,0.1.0,subprocess,energy/evaporative-partition,N/A,INCOMPLETE,not run,,"does not report hfls, hfss, hfg"
2026-09-18,sacsma_snow17,1.1.0,0.1.0,subprocess,energy/latent-heat-et-consistency,N/A,INCOMPLETE,not run,,"does not report hfls, hfss, hfg"
2026-09-18,sacsma_snow17,1.1.0,0.1.0,subprocess,energy/pet-consistency,PASS,OK,full record,770619041 1277571155 1784523269,demand_consistency: evaporation follows demand when the soil is wet (0.98 of potential) and is water-limited when it is dry (0.45); 0.71 of potential over the record
2026-09-18,sacsma_snow17,1.1.0,0.1.0,subprocess,energy/radiation-consistency,N/A,INCOMPLETE,not run,,"does not report rlus, ts; model does not declare that it consumes forcing rlds; model does not declare that it consumes static eps"
2026-09-18,sacsma_snow17,1.1.0,0.1.0,subprocess,energy/snowmelt-energy-water,N/A,INCOMPLETE,not run,,"does not report sbl, hfls, hfss, hfg, lwsnl, csnow; model does not declare that it consumes forcing rn"
2026-09-18,sacsma_snow17,1.1.0,0.1.0,subprocess,energy/soil-heat-storage-consistency,N/A,INCOMPLETE,not run,,"does not report hfg, hfg_bottom, tsoil_layer; model does not declare that it consumes forcing rsds, rlds; model does not declare that it consumes static soil_heat_capacity_areal, soil_layer_depth_m, soil_temperature_initial"
2026-09-18,sacsma_snow17,1.1.0,0.1.0,subprocess,energy/surface-energy-closure,N/A,INCOMPLETE,not run,,"does not report hfls, hfss, hfg"
2026-09-18,sacsma_snow17,1.1.0,0.1.0,subprocess,mass/antecedent-monotonicity,PASS,OK,full record,1295520324 1802472438 161940905,"antecedent_monotonicity: the wetter catchment runs off 6.1 mm more from the 60 mm storm (0.10 of it), within the 120 mm it had been given"
2026-09-18,sacsma_snow17,1.1.0,0.1.0,subprocess,mass/area-invariance,PASS,OK,full record,66780378 573732492 1080684606,invariance: the transform leaves the answer unchanged (worst departure 0.000e+00)
2026-09-18,sacsma_snow17,1.1.0,0.1.0,subprocess,mass/catchment-closure,PASS,OK,full record,598896396 1105848510 1612800624 2119752738 479221205,closure: cumulative residual 0.0000% of sum_pr (limit 5.0%); state_bounds: all storages stay physical; non_degenerate: partition and variability are non-trivial
2026-09-18,sacsma_snow17,1.1.0,0.1.0,subprocess,mass/causality,PASS,OK,full record,1016628858 1523580972 2030533086,causality: nothing moves before the storm of 2002-02-04 (worst 0.0e+00 relative) and mrro answers it afterwards (+0.960 of the added rain)
2026-09-18,sacsma_snow17,1.1.0,0.1.0,subprocess,mass/dry-down,PASS,OK,full record,186927550 693879664 1200831778,"dry_down: drains without rain: 7 mm over 730 dry days against a 337 mm bound, and nothing rises"
2026-09-18,sacsma_snow17,1.1.0,0.1.0,subprocess,mass/extreme-event-closure,PASS,OK,full record,492502526 999454640 1506406754 2013358868 372827335,"event_water_closure: worst event residual 6.03073e-13 mm / 0.001 mm allowed (0.0000% of event precipitation; 0/1262 events fail; allowance=max(5.0% of rain, 0.001 mm))"
2026-09-18,sacsma_snow17,1.1.0,0.1.0,subprocess,mass/extreme-rain,PASS,OK,full record,154098211 661050325 1168002439,monotone_response: mrro rises with the storm on every rung and returns 1.00 of the 997 mm added at the top
2026-09-18,sacsma_snow17,1.1.0,0.1.0,subprocess,mass/gw-sw-exchange-consistency,N/A,INCOMPLETE,not run,,"does not report gw_sw_exchange, gw_to_sw, sw_to_gw; model does not declare that it consumes forcing gw_recharge, sw_stage_m; model does not declare that it consumes static aquifer_specific_yield, aquifer_storage_coefficient, river_conductance_m2_per_day, river_bottom_offset_m"
2026-09-18,sacsma_snow17,1.1.0,0.1.0,subprocess,mass/human-abstraction,PASS,OK,full record,1129545695 1636497809 2143449923,"human_abstraction: the prescribed 380 mm of abstr left the budget (evspsbl -269.3 mm, mrro -115.4 mm, storage +5.6 mm); residual 0.23% of it (limit 5.00%)"
2026-09-18,sacsma_snow17,1.1.0,0.1.0,subprocess,mass/multi-decadal-drift,PASS,OK,full record,1349990263 1856942377 216410844 723362958 1230315072,"state_bounds: all storages stay physical; total_storage_drift: total reported storage changes -3.45608e-11 mm over final 1825-day block (allowance 0.656622 mm, 2.0e-04 of block precipitation + 1e-06 mm)"
2026-09-18,sacsma_snow17,1.1.0,0.1.0,subprocess,mass/phase-counterfactual,PASS,OK,full record,25625370 532577484 1039529598,phase_invariance: turning snow into rain moves the integrated volumes by at most 1.5% of the rain (mrro)
2026-09-18,sacsma_snow17,1.1.0,0.1.0,subprocess,mass/precipitation-counterfactual,PASS,OK,full record,872466880 1379418994 1886371108,"counterfactual_response: changes in pr are partitioned (wetter20 (+1589 mm): evspsbl +0.172, mrro +0.791, storage +0.032; wetter10 (+794 mm): evspsbl +0.186, mrro +0.778, storage +0.032; drier20 (-1589 mm): evspsbl +0.236, mrro +0.725, storage +0.033); monotone_response: mrro rises with the storm on every rung and returns 0.82 of the 3268 mm added at the top"
2026-09-18,sacsma_snow17,1.1.0,0.1.0,subprocess,mass/resolution-invariance,PASS,OK,full record,746687816 1253639930 1760592044,resolution_invariance: integrated volumes agree between PT1H and PT1D (worst mrro 3.774% of pr)
2026-09-18,sacsma_snow17,1.1.0,0.1.0,subprocess,mass/response-nonnegativity,PASS,OK,full record,699572709 1206524823 1713476937,response_nonnegativity: mrro never falls below the control after the added 120 mm (largest dip -2.7e-04 of it)
2026-09-18,sacsma_snow17,1.1.0,0.1.0,subprocess,mass/runoff-bounds,PASS,OK,full record,726751959 1233704073 1740656187 100124654 607076768,"runoff_bounds: runoff is 0.39 of the rain, inside [0.11, 1.06] (demand 0.82 of rain, storage 428 mm, declared exchange -0.00 of rain)"
2026-09-18,sacsma_snow17,1.1.0,0.1.0,subprocess,mass/steady-state,PASS,OK,full record,1815845244 175313711 682265825,"steady_state: settles: runoff 0.512 mm/day under 2.500 mm/day of rain, nothing varies by more than 0.17% (mrro) in the last 365 days"
2026-09-18,sacsma_snow17,1.1.0,0.1.0,subprocess,mass/time-origin-invariance,PASS,OK,full record,1264165719 1771117833 130586300,invariance: the transform leaves the answer unchanged (worst departure 0.000e+00)
2026-09-18,sacsma_snow17,1.1.0,0.1.0,subprocess,mass/ungauged-basin-closure,PASS,OK,full record,1679270760 38739227 545691341 1052643455 1559595569 2066547683 426016150 932968264 1439920378 1946872492 306340959 813293073,closure: cumulative residual 0.0000% of sum_pr (limit 5.0%); state_bounds: all storages stay physical; et_plausible: cumulative ET is 0.972 of potential ET (limit 1); non_degenerate: partition and variability are non-trivial; forcing_fidelity: reported forcing matches the input
2026-09-18,sacsma_snow17,1.1.0,0.1.0,subprocess,mass/warming-response,PASS,OK,full record,732983943 1239936057 1746888171 106356638 613308752,"response_sign: the response to pet points the right way in both directions (per unit of demand: warmer (+1423 mm of pet): mrro -0.279, evspsbl +0.306; cooler (-1423 mm of pet): mrro -0.380, evspsbl +0.414)"
2026-09-18,sacsma_snow17,1.1.0,0.1.0,subprocess,momentum/routing-conservation,PASS,OK,full record,417694852 924646966 1431599080,routing_conservation: the channel store stays non-negative and within 0.16 of what a 15-day hydrograph can hold
2026-09-18,sacsma_snow17,1.1.0,0.1.0,subprocess,momentum/routing-lag-consistency,N/A,INCOMPATIBLE,not run,,"model does not declare that it consumes static main_channel_length_km, centroid_channel_length_km"
2026-09-20,cwatm,1.11-5baaadd.4,0.1.0,docker,momentum/uniform-flow-friction-consistency,N/A,INCOMPLETE,not run,,"does not report stage; model does not declare that it consumes static width_m, cross_section_shape, bed_elevation_m, slope, manning_n"
2026-09-20,dhbv2,0.5.4-hbv2ep100.3,0.1.0,docker,momentum/uniform-flow-friction-consistency,N/A,INCOMPLETE,not run,,"does not report stage; model does not declare that it consumes static width_m, cross_section_shape, bed_elevation_m, slope, manning_n"
2026-09-20,flex_lumped,1.2.0,0.1.0,subprocess,momentum/uniform-flow-friction-consistency,PASS,OK,full record,1182847779 1689799893 49268360 556220474 1063172588,"uniform_flow_friction: three steady plateaus satisfy |S_f - S_0| / S_0: low 0.30%, medium 0.45%, high 0.68% (limit 5.00%)"
2026-09-20,flex_topo,1.1.0,0.1.0,subprocess,momentum/uniform-flow-friction-consistency,PASS,OK,full record,1182847779 1689799893 49268360 556220474 1063172588,"uniform_flow_friction: three steady plateaus satisfy |S_f - S_0| / S_0: low 0.32%, medium 0.45%, high 0.68% (limit 5.00%)"
2026-09-20,google_flood_forecast,0.1.0-828dfc5,0.1.0,docker,momentum/uniform-flow-friction-consistency,N/A,INCOMPLETE,not run,,"does not report stage; model does not declare that it consumes static width_m, cross_section_shape, bed_elevation_m, slope, manning_n"
2026-09-20,lisflood,5.0.0-onecell.5,0.1.0,docker,momentum/uniform-flow-friction-consistency,N/A,INCOMPLETE,not run,,"does not report stage; model does not declare that it consumes static width_m, cross_section_shape, bed_elevation_m, slope, manning_n"
2026-09-20,modflow6,6.7.0-adapter.1,0.1.0,docker,momentum/uniform-flow-friction-consistency,N/A,INCOMPLETE,not run,,"does not report dis, stage; model does not declare that it consumes static width_m, cross_section_shape, bed_elevation_m, slope, manning_n"
2026-09-20,sacsma_snow17,1.1.0,0.1.0,subprocess,momentum/uniform-flow-friction-consistency,PASS,OK,full record,1182847779 1689799893 49268360 556220474 1063172588,"uniform_flow_friction: three steady plateaus satisfy |S_f - S_0| / S_0: low 0.30%, medium 0.45%, high 0.68% (limit 5.00%)"
2026-09-20,summa,4.0.0-f787fa5.4,0.1.0,docker,momentum/uniform-flow-friction-consistency,N/A,INCOMPLETE,not run,,"does not report dis, stage; model does not declare that it consumes static width_m, cross_section_shape, bed_elevation_m, slope, manning_n"
2026-09-20,wflow_sbm,1.0.4-ht.4,0.1.0,docker,momentum/uniform-flow-friction-consistency,N/A,INCOMPLETE,not run,,"does not report stage; model does not declare that it consumes static width_m, cross_section_shape, bed_elevation_m, slope, manning_n"
2026-09-20,cwatm,1.11-5baaadd.4,0.1.0,docker,momentum/stage-discharge-monotonic,N/A,INCOMPLETE,not run,,does not report stage; model does not declare that it consumes static bed_elevation_m
2026-09-20,dhbv2,0.5.4-hbv2ep100.3,0.1.0,docker,momentum/stage-discharge-monotonic,N/A,INCOMPLETE,not run,,does not report stage; model does not declare that it consumes static bed_elevation_m
2026-09-20,flex_lumped,1.2.0,0.1.0,subprocess,momentum/stage-discharge-monotonic,PASS,OK,full record,1670932170 30400637 537352751,"rating_monotonic: stage rises monotonically with discharge (0.0000 m of deficit over 12 bins, source dis, tolerance 0.1097 m); rating_loop: no loop to read: stage is a function of dis to within 5.67e-04 m, so the rating is single-valued (12 bins); non_degenerate: partition and variability are non-trivial"
2026-09-20,flex_topo,1.1.0,0.1.0,subprocess,momentum/stage-discharge-monotonic,PASS,OK,full record,1670932170 30400637 537352751,"rating_monotonic: stage rises monotonically with discharge (0.0000 m of deficit over 12 bins, source dis, tolerance 0.1743 m); rating_loop: no loop to read: stage is a function of dis to within 1.59e-03 m, so the rating is single-valued (12 bins); non_degenerate: partition and variability are non-trivial"
2026-09-20,google_flood_forecast,0.1.0-828dfc5,0.1.0,docker,momentum/stage-discharge-monotonic,N/A,INCOMPLETE,not run,,"does not report channel, stage; model does not declare that it consumes static bed_elevation_m"
2026-09-20,lisflood,5.0.0-onecell.5,0.1.0,docker,momentum/stage-discharge-monotonic,N/A,INCOMPLETE,not run,,does not report stage; model does not declare that it consumes static bed_elevation_m
2026-09-20,modflow6,6.7.0-adapter.1,0.1.0,docker,momentum/stage-discharge-monotonic,N/A,INCOMPLETE,not run,,"does not report dis, channel, stage; model does not declare that it consumes static bed_elevation_m"
2026-09-20,sacsma_snow17,1.1.0,0.1.0,subprocess,momentum/stage-discharge-monotonic,PASS,OK,full record,1670932170 30400637 537352751,"rating_monotonic: stage rises monotonically with discharge (0.0000 m of deficit over 12 bins, source dis, tolerance 0.1591 m); rating_loop: no loop to read: stage is a function of dis to within 5.35e-04 m, so the rating is single-valued (12 bins); non_degenerate: partition and variability are non-trivial"
2026-09-20,summa,4.0.0-f787fa5.4,0.1.0,docker,momentum/stage-discharge-monotonic,N/A,INCOMPLETE,not run,,"does not report dis, stage; model does not declare that it consumes static bed_elevation_m"
2026-09-20,wflow_sbm,1.0.4-ht.4,0.1.0,docker,momentum/stage-discharge-monotonic,N/A,INCOMPLETE,not run,,does not report stage; model does not declare that it consumes static bed_elevation_m
2026-09-20,flex_lumped,1.2.0,0.1.0,subprocess,mass/exchange-response,N/A,INCOMPATIBLE,not run,,model does not declare that it consumes forcing gwh
2026-09-20,flex_topo,1.1.0,0.1.0,subprocess,mass/exchange-response,N/A,INCOMPATIBLE,not run,,model does not declare that it consumes forcing gwh
2026-09-20,sacsma_snow17,1.1.0,0.1.0,subprocess,mass/exchange-response,N/A,INCOMPATIBLE,not run,,model does not declare that it consumes forcing gwh
2026-09-21,flex_lumped,1.2.0,0.1.0,subprocess,mass/snowpack-mass-closure,N/A,INCOMPLETE,not run,,does not report snm
2026-09-21,flex_topo,1.1.0,0.1.0,subprocess,mass/snowpack-mass-closure,N/A,INCOMPLETE,not run,,does not report snm
2026-09-21,sacsma_snow17,1.1.0,0.1.0,subprocess,mass/snowpack-mass-closure,PASS,OK,full record,809506488 1316458602 1823410716 182879183 689831297,closure: cumulative residual 0.0000% of sum_pr (limit 5.0%); snowpack_response: snow accumulation and melt are non-trivial
2026-09-20,reference_bucket,1.0.0,0.1.0,subprocess,mass/spinup-cycle-invariance,PASS,OK,full record,107008012 613960126 1120912240,spinup_cycle_invariance: the repeated forcing reaches the same evaluation-year response for all 3 selected spin-up cycles (worst short<->plus3:evspsbl departure 0.00%)
2026-09-20,flex_lumped,1.1.0,0.1.0,subprocess,mass/spinup-cycle-invariance,PASS,OK,full record,107008012 613960126 1120912240,spinup_cycle_invariance: the repeated forcing reaches the same evaluation-year response for all 3 selected spin-up cycles (worst short<->long:gw departure 0.00%)
2026-09-20,flex_topo,1.0.0,0.1.0,subprocess,mass/spinup-cycle-invariance,PASS,OK,full record,107008012 613960126 1120912240,spinup_cycle_invariance: the repeated forcing reaches the same evaluation-year response for all 3 selected spin-up cycles (worst short<->plus3:channel departure 0.00%)
2026-09-20,sacsma_snow17,1.0.0,0.1.0,subprocess,mass/spinup-cycle-invariance,PASS,OK,full record,107008012 613960126 1120912240,spinup_cycle_invariance: the repeated forcing reaches the same evaluation-year response for all 3 selected spin-up cycles (worst short<->long:gw departure 0.00%)
2026-09-21,cwatm,1.11-5baaadd.4,0.1.0,docker,mass/spinup-cycle-invariance,PASS,OK,full record,107008012 613960126 1120912240,spinup_cycle_invariance: the repeated forcing reaches the same evaluation-year response for all 3 selected spin-up cycles (worst short<->long:gw departure 0.00%)
2026-09-21,dhbv2,0.5.4-hbv2ep100.3,0.1.0,docker,mass/spinup-cycle-invariance,FAIL,VIOLATION,full record,107008012 613960126 1120912240,"state_bounds: short: mrso leaves [0, 320] on 3652 steps (range 671 to 861); plus3: mrso leaves [0, 320] on 3652 steps (range 671 to 861); long: mrso leaves [0, 320] on 3652 steps (range 671 to 861)"
2026-09-21,google_flood_forecast,0.1.0-828dfc5,0.1.0,docker,mass/spinup-cycle-invariance,N/A,INCOMPLETE,not run,,"does not report pr, evspsbl, mrso, snw, canopy"
2026-09-21,lisflood,5.0.0-onecell.5,0.1.0,docker,mass/spinup-cycle-invariance,PASS,OK,3652-day flood event,107008012 613960126 1120912240,spinup_cycle_invariance: the repeated forcing reaches the same evaluation-year response for all 3 selected spin-up cycles (worst short<->long:mrso departure 0.47%)
2026-09-21,summa,4.0.0-f787fa5.4,0.1.0,docker,mass/spinup-cycle-invariance,PASS,OK,full record,107008012 613960126 1120912240,spinup_cycle_invariance: the repeated forcing reaches the same evaluation-year response for all 3 selected spin-up cycles (worst short<->long:mrso departure 0.01%)
2026-09-21,wflow_sbm,1.0.4-ht.4,0.1.0,docker,mass/spinup-cycle-invariance,PASS,OK,full record,107008012 613960126 1120912240,spinup_cycle_invariance: the repeated forcing reaches the same evaluation-year response for all 3 selected spin-up cycles (worst short<->plus3:evspsbl departure 0.00%)
2026-09-21,modflow6,6.7.0-adapter.1,0.1.0,docker,mass/spinup-cycle-invariance,N/A,INCOMPLETE,not run,,"does not report pr, evspsbl, mrro, mrso, snw, canopy; model does not declare support for paired perturbation cases"
2026-09-23,flex_lumped,1.2.0,0.1.0,subprocess,mass/spinup-cycle-invariance,PASS,OK,full record,107008012 613960126 1120912240,spinup_cycle_invariance: the repeated forcing reaches the same evaluation-year response for all 3 selected spin-up cycles (worst short<->long:gw departure 0.00%)
2026-09-23,flex_topo,1.1.0,0.1.0,subprocess,mass/spinup-cycle-invariance,PASS,OK,full record,107008012 613960126 1120912240,spinup_cycle_invariance: the repeated forcing reaches the same evaluation-year response for all 3 selected spin-up cycles (worst short<->plus3:channel departure 0.00%)
2026-09-23,sacsma_snow17,1.1.0,0.1.0,subprocess,mass/spinup-cycle-invariance,PASS,OK,full record,107008012 613960126 1120912240,spinup_cycle_invariance: the repeated forcing reaches the same evaluation-year response for all 3 selected spin-up cycles (worst short<->long:gw departure 0.00%)
2026-09-25,cwatm,1.11-5baaadd.4,0.1.0,docker,momentum/wave-celerity-bounds,N/A,INCOMPATIBLE,not run,,"model timestep PT1D does not cover the probe's PT1H; model does not declare that it consumes static width_m, cross_section_shape, slope, manning_n, reach_length_m"
2026-09-25,dhbv2,0.5.4-hbv2ep100.3,0.1.0,docker,momentum/wave-celerity-bounds,N/A,INCOMPATIBLE,not run,,"model timestep PT1D does not cover the probe's PT1H; model does not declare that it consumes static width_m, cross_section_shape, slope, manning_n, reach_length_m"
2026-09-25,flex_lumped,1.2.0,0.1.0,subprocess,momentum/wave-celerity-bounds,N/A,INCOMPATIBLE,not run,,model does not declare that it consumes static reach_length_m
2026-09-25,flex_topo,1.1.0,0.1.0,subprocess,momentum/wave-celerity-bounds,N/A,INCOMPATIBLE,not run,,model does not declare that it consumes static reach_length_m
2026-09-25,google_flood_forecast,0.1.0-828dfc5,0.1.0,docker,momentum/wave-celerity-bounds,N/A,INCOMPATIBLE,not run,,"model timestep PT1D does not cover the probe's PT1H; model does not declare that it consumes static width_m, cross_section_shape, slope, manning_n, reach_length_m"
2026-09-26,lisflood,5.0.0-onecell.5,0.1.0,docker,momentum/wave-celerity-bounds,N/A,INCOMPATIBLE,not run,,"static does not provide canopy_capacity_mm; model does not declare that it consumes static width_m, cross_section_shape, slope, manning_n, reach_length_m"
2026-09-25,modflow6,6.7.0-adapter.1,0.1.0,docker,momentum/wave-celerity-bounds,N/A,INCOMPLETE,not run,,"does not report dis; model timestep PT1D does not cover the probe's PT1H; model does not declare support for paired perturbation cases; model does not declare that it consumes forcing pr; model does not declare that it consumes static width_m, cross_section_shape, slope, manning_n, reach_length_m"
2026-09-25,sacsma_snow17,1.1.0,0.1.0,subprocess,momentum/wave-celerity-bounds,N/A,INCOMPATIBLE,not run,,model does not declare that it consumes static reach_length_m
2026-09-25,summa,4.0.0-f787fa5.4,0.1.0,docker,momentum/wave-celerity-bounds,N/A,INCOMPLETE,not run,,"does not report dis; model does not declare that it consumes static width_m, cross_section_shape, slope, manning_n, reach_length_m"
2026-09-25,wflow_sbm,1.0.4-ht.4,0.1.0,docker,momentum/wave-celerity-bounds,N/A,INCOMPATIBLE,not run,,"model does not declare that it consumes static width_m, cross_section_shape, slope, manning_n, reach_length_m"
2026-09-26,wflow_sbm,1.0.4-ht.5,0.1.0,docker,energy/evaporative-partition,N/A,INCOMPLETE,not run,,"does not report hfls, hfss, hfg"
2026-09-26,wflow_sbm,1.0.4-ht.5,0.1.0,docker,energy/latent-heat-et-consistency,N/A,INCOMPLETE,not run,,"does not report hfls, hfss, hfg"
2026-09-26,wflow_sbm,1.0.4-ht.5,0.1.0,docker,energy/pet-consistency,PASS,OK,full record,770619041 1277571155 1784523269,demand_consistency: evaporation follows demand when the soil is wet (0.96 of potential) and is water-limited when it is dry (0.15); 0.56 of potential over the record
2026-09-26,wflow_sbm,1.0.4-ht.5,0.1.0,docker,energy/radiation-consistency,N/A,INCOMPLETE,not run,,"does not report rlus, ts; model does not declare that it consumes forcing rlds; model does not declare that it consumes static eps"
2026-09-26,wflow_sbm,1.0.4-ht.5,0.1.0,docker,energy/snowmelt-energy-water,N/A,INCOMPLETE,not run,,"does not report sbl, hfls, hfss, hfg, lwsnl, csnow; model does not declare that it consumes forcing rn"
2026-09-26,wflow_sbm,1.0.4-ht.5,0.1.0,docker,energy/soil-heat-storage-consistency,N/A,INCOMPLETE,not run,,"does not report hfg, hfg_bottom, tsoil_layer; model does not declare that it consumes forcing rsds, rlds; model does not declare that it consumes static soil_heat_capacity_areal, soil_layer_depth_m, soil_temperature_initial"
2026-09-26,wflow_sbm,1.0.4-ht.5,0.1.0,docker,energy/surface-energy-closure,N/A,INCOMPLETE,not run,,"does not report hfls, hfss, hfg"
2026-09-26,wflow_sbm,1.0.4-ht.5,0.1.0,docker,mass/antecedent-monotonicity,FAIL,VIOLATION,full record,1295520324 1802472438 161940905,antecedent_monotonicity: the storm of 60 mm ran off +0.1 mm more on the wetter catchment; at least 0.02 of the storm is expected
2026-09-26,wflow_sbm,1.0.4-ht.5,0.1.0,docker,mass/area-invariance,PASS,OK,full record,66780378 573732492 1080684606,invariance: the transform leaves the answer unchanged (worst departure 0.000e+00)
2026-09-26,wflow_sbm,1.0.4-ht.5,0.1.0,docker,mass/catchment-closure,PASS,OK,full record,598896396 1105848510 1612800624 2119752738 479221205,closure: cumulative residual 0.0206% of sum_pr (limit 5.0%); state_bounds: all storages stay physical; non_degenerate: partition and variability are non-trivial
2026-09-26,wflow_sbm,1.0.4-ht.5,0.1.0,docker,mass/causality,PASS,OK,full record,1016628858 1523580972 2030533086,causality: nothing moves before the storm of 2002-02-04 (worst 0.0e+00 relative) and mrro answers it afterwards (+0.996 of the added rain)
2026-09-26,wflow_sbm,1.0.4-ht.5,0.1.0,docker,mass/dry-down,FAIL,VIOLATION,full record,186927550 693879664 1200831778,dry_down: mrro rose by 3.6% of its post-lag level between 7-day blocks 6 and 7 with no rain to raise it
2026-09-26,wflow_sbm,1.0.4-ht.5,0.1.0,docker,mass/exchange-response,N/A,INCOMPATIBLE,not run,,model does not declare that it consumes forcing gwh
2026-09-26,wflow_sbm,1.0.4-ht.5,0.1.0,docker,mass/extreme-event-closure,FAIL,VIOLATION,full record,492502526 999454640 1506406754 2013358868 372827335,"event_water_closure: worst event residual 0.00162791 mm / 0.001 mm allowed (28.1695% of event precipitation; 1/1299 events fail; allowance=max(5.0% of rain, 0.001 mm))"
2026-09-26,wflow_sbm,1.0.4-ht.5,0.1.0,docker,mass/extreme-rain,PASS,OK,full record,154098211 661050325 1168002439,monotone_response: mrro rises with the storm on every rung and returns 1.00 of the 526 mm added at the top
2026-09-26,wflow_sbm,1.0.4-ht.5,0.1.0,docker,mass/gw-sw-exchange-consistency,N/A,INCOMPLETE,not run,,"does not report gw_sw_exchange, gw_to_sw, sw_to_gw, gw; model does not declare that it consumes forcing gw_recharge, sw_stage_m; model does not declare that it consumes static area_km2, aquifer_specific_yield, aquifer_storage_coefficient, river_conductance_m2_per_day, river_bottom_offset_m"
2026-09-26,wflow_sbm,1.0.4-ht.5,0.1.0,docker,mass/human-abstraction,PASS,OK,full record,1129545695 1636497809 2143449923,"human_abstraction: the prescribed 380 mm of abstr left the budget (evspsbl -124.1 mm, mrro -269.7 mm, storage +17.9 mm); residual 1.07% of it (limit 5.00%)"
2026-09-26,wflow_sbm,1.0.4-ht.5,0.1.0,docker,mass/multi-decadal-drift,PASS,OK,full record,1349990263 1856942377 216410844 723362958 1230315072,"state_bounds: all storages stay physical; total_storage_drift: total reported storage changes 0 mm over final 1825-day block (allowance 0.657177 mm, 2.0e-04 of block precipitation + 1e-06 mm)"
2026-09-26,wflow_sbm,1.0.4-ht.5,0.1.0,docker,mass/phase-counterfactual,PASS,OK,full record,25625370 532577484 1039529598,phase_invariance: turning snow into rain moves the integrated volumes by at most 3.8% of the rain (mrro)
2026-09-26,wflow_sbm,1.0.4-ht.5,0.1.0,docker,mass/precipitation-counterfactual,PASS,OK,full record,872466880 1379418994 1886371108,"counterfactual_response: changes in pr are partitioned (wetter20 (+1737 mm): evspsbl +0.204, mrro +0.776, storage +0.020; wetter10 (+869 mm): evspsbl +0.210, mrro +0.770, storage +0.020; drier20 (-1737 mm): evspsbl +0.224, mrro +0.754, storage +0.021); monotone_response: mrro rises with the storm on every rung and returns 0.78 of the 3268 mm added at the top"
2026-09-26,wflow_sbm,1.0.4-ht.5,0.1.0,docker,mass/resolution-invariance,PASS,OK,full record,746687816 1253639930 1760592044,resolution_invariance: integrated volumes agree between PT1H and PT1D (worst mrso_end 1.135% of pr)
2026-09-26,wflow_sbm,1.0.4-ht.5,0.1.0,docker,mass/response-nonnegativity,PASS,OK,full record,699572709 1206524823 1713476937,response_nonnegativity: mrro never falls below the control after the added 120 mm (largest dip 7.5e-04 of it)
2026-09-26,wflow_sbm,1.0.4-ht.5,0.1.0,docker,mass/runoff-bounds,PASS,OK,full record,726751959 1233704073 1740656187 100124654 607076768,"runoff_bounds: runoff is 0.52 of the rain, inside [0.11, 1.07] (demand 0.82 of rain, storage 419 mm)"
2026-09-26,wflow_sbm,1.0.4-ht.5,0.1.0,docker,mass/snowpack-mass-closure,N/A,INCOMPLETE,not run,,does not report snm
2026-09-26,wflow_sbm,1.0.4-ht.5,0.1.0,docker,mass/spinup-cycle-invariance,PASS,OK,full record,107008012 613960126 1120912240,spinup_cycle_invariance: the repeated forcing reaches the same evaluation-year response for all 3 selected spin-up cycles (worst short<->plus3:evspsbl departure 0.00%)
2026-09-26,wflow_sbm,1.0.4-ht.5,0.1.0,docker,mass/steady-state,PASS,OK,full record,1815845244 175313711 682265825,"steady_state: settles: runoff 0.539 mm/day under 2.500 mm/day of rain, nothing varies by more than 0.00% (mrro) in the last 365 days"
2026-09-26,wflow_sbm,1.0.4-ht.5,0.1.0,docker,mass/time-origin-invariance,PASS,OK,full record,1264165719 1771117833 130586300,invariance: the transform leaves the answer unchanged (worst departure 0.000e+00)
2026-09-26,wflow_sbm,1.0.4-ht.5,0.1.0,docker,mass/ungauged-basin-closure,PASS,OK,full record,1679270760 38739227 545691341 1052643455 1559595569 2066547683 426016150 932968264 1439920378 1946872492 306340959 813293073,closure: cumulative residual 0.0422% of sum_pr (limit 5.0%); state_bounds: all storages stay physical; et_plausible: cumulative ET is 0.902 of potential ET (limit 1); non_degenerate: partition and variability are non-trivial; forcing_fidelity: reported forcing matches the input
2026-09-26,wflow_sbm,1.0.4-ht.5,0.1.0,docker,mass/warming-response,PASS,OK,full record,732983943 1239936057 1746888171 106356638 613308752,"response_sign: the response to pet points the right way in both directions (per unit of demand: warmer (+1423 mm of pet): mrro -0.310, evspsbl +0.311; cooler (-1423 mm of pet): mrro -0.340, evspsbl +0.341)"
2026-09-26,wflow_sbm,1.0.4-ht.5,0.1.0,docker,momentum/routing-conservation,PASS,OK,full record,417694852 924646966 1431599080,routing_conservation: the channel store stays non-negative and within 0.16 of what a 15-day hydrograph can hold
2026-09-26,wflow_sbm,1.0.4-ht.5,0.1.0,docker,momentum/routing-lag-consistency,N/A,INCOMPATIBLE,not run,,"model does not declare that it consumes static area_km2, main_channel_length_km, centroid_channel_length_km"
2026-09-26,wflow_sbm,1.0.4-ht.5,0.1.0,docker,momentum/stage-discharge-monotonic,N/A,INCOMPLETE,not run,,does not report stage; model does not declare that it consumes static bed_elevation_m
2026-09-26,wflow_sbm,1.0.4-ht.5,0.1.0,docker,momentum/uniform-flow-friction-consistency,N/A,INCOMPLETE,not run,,does not report stage; model does not declare that it consumes static bed_elevation_m
2026-09-26,wflow_sbm,1.0.4-ht.5,0.1.0,docker,momentum/wave-celerity-bounds,PASS,OK,full record,397273707 904225821 1411177935,"wave_celerity_bounds: celerity is downstream, within the Manning/kinematic allowance, and low=0.704 m/s < medium=0.927 m/s < high=1.225 m/s"
